Fighters,Average (Raw),Wrestling,BJJ,Judo,Freestyle,Muay Thai,Karate,Kickboxing,Boxing,TKD,Kung Fu,Champ.,Wres. Champ.,BJJ Champ.,Karate Champ.,Boxing Champ.,Kickbox Champ.,MT Champ.,TKD Champ.,Judo Champ.,Free. Champ.,Kung Fu Champ,ESPN Champ.,Wres. Champ.,BJJ Champ.,Boxing Champ.,Kickbox Champ.,MT Champ.,TKD Champ.,Karate Champ.,Judo Champ.,Free. Champ.,Kung Fu Champ
Total,1441,420,183,65,477,55,67,73,48,38,15,77,38,11,7,11,2,3,3,1,1,0,70,28,17,12,6,4,2,1,0,0,0
Representation,,29.15%,12.70%,4.51%,33.10%,3.82%,4.65%,5.07%,3.33%,2.64%,1.04%,5.34%,49.35%,14.29%,9.09%,14.29%,2.60%,3.90%,3.90%,1.30%,1.30%,0.00%,ESPN Represent.,40.00%,24.29%,17.14%,8.57%,5.71%,2.86%,1.43%,0.00%,0.00%,0.00%
Effectiveness,,9.05%,6.01%,1.54%,0.21%,5.45%,10.45%,2.74%,22.92%,7.89%,0.00%,,,,,,,,,,,,ESPN Effect.,6.67%,9.29%,25.00%,8.22%,7.27%,5.26%,1.49%,0.00%,0.00%,0.00%
Championship Enrichment Factor,,20.20%,1.59%,-3.21%,-31.80%,0.08%,4.44%,-2.47%,10.95%,1.26%,--,,,,,,,,,,,,ESPN Enrich.,10.85%,11.59%,13.81%,3.51%,1.90%,0.22%,-3.22%,--,--,--
Overall Win Ratio,1.24,1.48,1.10,0.87,0.99,1.42,1.33,1.49,2.26,1.15,0.78,3.27,3.84,1.87,3.40,2.96,6.17,1.87,2.35,1.83,2.00,0.00,,3.78,1.81,3.40,4.22,1.72,2.84,3.17,1.83,2.00,0.00
Overall odds of winning a match,0.24,0.48,0.10,-0.13,-0.01,0.42,0.33,0.49,1.26,0.15,-0.22,2.27,2.84,0.87,2.40,1.96,5.17,0.87,1.35,0.83,1.00,-1.00,,,,,,,,,,,
Shamil Abdurakhimov,Kickboxing,,,,,,,1.25,,,,,,,,,,,,,,,,,,,,,,,,,
Daichi Abe ,Kickboxing,,,,,,,0.5,,,,,,,,,,,,,,,,,,,,,,,,,
Papy Abedi,Judo,,,0.33,,,,,,,,,,,,,,,,,,,,,,,,,,,,,
Klidson Abreu ,BJJ,,0.33,,,,,,,,,,,,,,,,,,,,,,,,,,,,,,
Juan Adams,Wrestling,0.67,,,,,,,,,,,,,,,,,,,,,,,,,,,,,,,
Zarrukh Adashev,Kickboxing,,,,,,,0.5,,,,,,,,,,,,,,,,,,,,,,,,,
Israel Adesanya,Kickboxing,,,,,,,11,,,,X,,,,,11,,,,,,,,,,11,,,,,,
Sam Adkins,Wrestling,1,,,,,,,,,,,,,,,,,,,,,,,,,,,,,,,
Kevin Aguilar,Freestyle,,,,0.75,,,,,,,,,,,,,,,,,,,,,,,,,,,,
Christian Aguilera,Freestyle,,,,0.5,,,,,,,,,,,,,,,,,,,,,,,,,,,,
Omari Akhmedov,Wrestling,1.5,,,,,,,,,,,,,,,,,,,,,,,,,,,,,,,
Yoshihiro Akiyama ,Judo,,,0.4,,,,,,,,,,,,,,,,,,,,,,,,,,,,,
Mostapha Al-Turk,BJJ,,0,,,,,,,,,,,,,,,,,,,,,,,,,,,,,,
Heili Alateng,Wrestling,1,,,,,,,,,,,,,,,,,,,,,,,,,,,,,,,
John Albert,Wrestling,0,,,,,,,,,,,,,,,,,,,,,,,,,,,,,,,
Junior Albini,Wrestling,0.25,,,,,,,,,,,,,,,,,,,,,,,,,,,,,,,
Ildemar Alcântara ,BJJ,,1.33,,,,,,,,,,,,,,,,,,,,,,,,,,,,,,
Iuri Alcântara,BJJ,,1.43,,,,,,,,,,,,,,,,,,,,,,,,,,,,,,
Hector Aldana,Wrestling,0,,,,,,,,,,,,,,,,,,,,,,,,,,,,,,,
José Aldo,Muay Thai,,,,,2.17,,,,,,X,,,,,,2.17,,,,,,,2.17,,,,,,,,
John Alessio,BJJ,,0,,,,,,,,,,,,,,,,,,,,,,,,,,,,,,
Houston Alexander,Wrestling,0.67,,,,,,,,,,,,,,,,,,,,,,,,,,,,,,,
Bill Algeo,Wrestling,0.67,,,,,,,,,,,,,,,,,,,,,,,,,,,,,,,
Royce Alger,Wrestling,0,,,,,,,,,,,,,,,,,,,,,,,,,,,,,,,
Abdul Alhassan,Judo,,,1,,,,,,,,,,,,,,,,,,,,,,,,,,,,,
Sultan Aliev,Wrestling,1,,,,,,,,,,,,,,,,,,,,,,,,,,,,,,,
John Allan,Muay Thai,,,,,0,,,,,,,,,,,,,,,,,,,,,,,,,,,
Arnold Allen,Kickboxing,,,,,,,9,,,,,,,,,,,,,,,,,,,,,,,,,
Brendan Allen,BJJ,,3.5,,,,,,,,,,,,,,,,,,,,,,,,,,,,,,
Ben Alloway,Muay Thai,,,,,0.5,,,,,,,,,,,,,,,,,,,,,,,,,,,
Ricardo Almeida,BJJ,,1.2,,,,,,,,,,,,,,,,,,,,,,,,,,,,,,
Thomas Almeida,Muay Thai,,,,,1,,,,,,,,,,,,,,,,,,,,,,,,,,,
Eddie Alvarez,Boxing,,,,,,,,1.33,,,X,,,,1.33,,,,,,,,,,1.33,,,,,,,
Joel Álvarez,Freestyle,,,,2,,,,,,,,,,,,,,,,,,,,,,,,,,,,
Thiago Alves,Muay Thai,,,,,1.25,,,,,,,,,,,,,,,,,,,,,,,,,,,
Warlley Alves,Kickboxing,,,,,,,1.6,,,,,,,,,,,,,,,,,,,,,,,,,
Sam Alvey,Wrestling,0.83,,,,,,,,,,,,,,,,,,,,,,,,,,,,,,,
Adlan Amagov,Wrestling,2,,,,,,,,,,,,,,,,,,,,,,,,,,,,,,,
Makwan Amirkhani,Wrestling,1.2,,,,,,,,,,,,,,,,,,,,,,,,,,,,,,,
Eryk Anders,Freestyle,,,,1,,,,,,,,,,,,,,,,,,,,,,,,,,,,
Corey Anderson,Wrestling,1.8,,,,,,,,,,,,,,,,,,,,,,,,,,,,,,,
Viscardi Andrade,BJJ,,2,,,,,,,,,,,,,,,,,,,,,,,,,,,,,,
Dylan Andrews,Freestyle,,,,0.67,,,,,,,,,,,,,,,,,,,,,,,,,,,,
Reese Andy,Wrestling,0,,,,,,,,,,,,,,,,,,,,,,,,,,,,,,,
Magomed Ankalaev,Wrestling,8,,,,,,,,,,,,,,,,,,,,,,,,,,,,,,,
Gadzhimurad Antigulov,Wrestling,0.5,,,,,,,,,,,,,,,,,,,,,,,,,,,,,,,
Shinsho Anzai,Wrestling,1,,,,,,,,,,,,,,,,,,,,,,,,,,,,,,,
Josh Appelt,Wrestling,0,,,,,,,,,,,,,,,,,,,,,,,,,,,,,,,
Felipe Arantes,Muay Thai,,,,,0.83,,,,,,,,,,,,,,,,,,,,,,,,,,,
Igor Araujo,BJJ,,1,,,,,,,,,,,,,,,,,,,,,,,,,,,,,,
Julio Arce,Freestyle,,,,1.67,,,,,,,,,,,,,,,,,,,,,,,,,,,,
Andrei Arlovski ,Wrestling,1.57,,,,,,,,,,X,1.57,,,,,,,,,,,1.57,,,,,,,,,
Antônio Arroyo,Freestyle,,,,0.67,,,,,,,,,,,,,,,,,,,,,,,,,,,,
Matt Arroyo,BJJ,,0.5,,,,,,,,,,,,,,,,,,,,,,,,,,,,,,
Askar Askarov,Wrestling,3,,,,,,,,,,,,,,,,,,,,,,,,,,,,,,,
Cyril Asker ,Freestyle,,,,0.67,,,,,,,,,,,,,,,,,,,,,,,,,,,,
Ben Askren,Wrestling,0.5,,,,,,,,,,,,,,,,,,,,,,,,,,,,,,,
Tom Aspinall,Boxing,,,,,,,,5,,,,,,,,,,,,,,,,,,,,,,,,
Junior Assunção,BJJ,,0.67,,,,,,,,,,,,,,,,,,,,,,,,,,,,,,
Raphael Assunção,BJJ,,1.83,,,,,,,,,,,,,,,,,,,,,,,,,,,,,,
Rich Attonito,Wrestling,1.5,,,,,,,,,,,,,,,,,,,,,,,,,,,,,,,
Olivier Aubin-Mercier,Judo,,,1.4,,,,,,,,,,,,,,,,,,,,,,,,,,,,,
Marcus Aurélio,BJJ,,0.5,,,,,,,,,,,,,,,,,,,,,,,,,,,,,,
Jessin Ayari,Freestyle,,,,0.33,,,,,,,,,,,,,,,,,,,,,,,,,,,,
Ottman Azaitar,Muay Thai,,,,,2,,,,,,,,,,,,,,,,,,,,,,,,,,,
Hunter Azure,Wrestling,1.5,,,,,,,,,,,,,,,,,,,,,,,,,,,,,,,
Danaa Batgerel,Kickboxing,,,,,,,3,,,,,,,,,,,,,,,,,,,,,,,,,
Niklas Bäckström,Karate,,,,,,0.5,,,,,,,,,,,,,,,,,,,,,,,,,,
Seth Baczynski,Freestyle,,,,1,,,,,,,,,,,,,,,,,,,,,,,,,,,,
Ryan Bader,Wrestling,2.8,,,,,,,,,,,,,,,,,,,,,,,,,,,,,,,
Miguel Baeza,Freestyle,,,,2,,,,,,,,,,,,,,,,,,,,,,,,,,,,
Ali Bagautinov,Wrestling,1.33,,,,,,,,,,,,,,,,,,,,,,,,,,,,,,,
Melsik Baghdasaryan,Muay Thai,,,,,3,,,,,,,,,,,,,,,,,,,,,,,,,,,
Siyar Bahadurzada,Karate,,,,,,1,,,,,,,,,,,,,,,,,,,,,,,,,,
Ignacio Bahamondes,Kickboxing,,,,,,,3,,,,,,,,,,,,,,,,,,,,,,,,,
Shamar Bailey,Wrestling,0.5,,,,,,,,,,,,,,,,,,,,,,,,,,,,,,,
Oluwale Bamgbose,TKD,,,,,,,,,0.25,,,,,,,,,,,,,,,,,,,,,,,
Tae Hyun Bang,Freestyle,,,,0.67,,,,,,,,,,,,,,,,,,,,,,,,,,,,
Antonio Banuelos,Freestyle,,,,0,,,,,,,,,,,,,,,,,,,,,,,,,,,,
Renan Barão,BJJ,,1.13,,,,,,,,,X,,1.13,,,,,,,,,,,1.13,,,,,,,,
Bryan Barberena,Freestyle,,,,1.17,,,,,,,,,,,,,,,,,,,,,,,,,,,,
Edson Barboza,Muay Thai,,,,,1.45,,,,,,,,,,,,,,,,,,,,,,,,,,,
Raoni Barcelos,Wrestling,2.5,,,,,,,,,,,,,,,,,,,,,,,,,,,,,,,
Humberto Bandenay,Freestyle,,,,0.33,,,,,,,,,,,,,,,,,,,,,,,,,,,,
Luke Barnatt,Wrestling,0.67,,,,,,,,,,,,,,,,,,,,,,,,,,,,,,,
Josh Barnett,Wrestling,4,,,,,,,,,,X,4,,,,,,,,,,,4,,,,,,,,,
David Baron,Freestyle,,,,0,,,,,,,,,,,,,,,,,,,,,,,,,,,,
Phil Baroni,Wrestling,0.43,,,,,,,,,,,,,,,,,,,,,,,,,,,,,,,
Carlos Barreto,BJJ,,0,,,,,,,,,,,,,,,,,,,,,,,,,,,,,,
Marc-André Barriault,Freestyle,,,,0.5,,,,,,,,,,,,,,,,,,,,,,,,,,,,
Francimar Barroso,Freestyle,,,,1,,,,,,,,,,,,,,,,,,,,,,,,,,,,
Pat Barry,Kickboxing,,,,,,,0.71,,,,,,,,,,,,,,,,,,,,,,,,,
Enrique Barzola,Wrestling,1.25,,,,,,,,,,,,,,,,,,,,,,,,,,,,,,,
Michel Batista,Wrestling,0,,,,,,,,,,,,,,,,,,,,,,,,,,,,,,,
Alan Baudot,Judo,,,0,,,,,,,,,,,,,,,,,,,,,,,,,,,,,
Mario Bautista,Wrestling,1.5,,,,,,,,,,,,,,,,,,,,,,,,,,,,,,,
Chris Beal,Wrestling,0.67,,,,,,,,,,,,,,,,,,,,,,,,,,,,,,,
Johnny Bedford ,Wrestling,0.67,,,,,,,,,,,,,,,,,,,,,,,,,,,,,,,
Mirsad Bektić,Karate,,,,,,1.5,,,,,,,,,,,,,,,,,,,,,,,,,,
Alan Belcher,Karate,,,,,,1.5,,,,,,,,,,,,,,,,,,,,,,,,,,
Vitor Belfort,Boxing,,,,,,,,1.36,,,X,,,,1.36,,,,,,,,,,1.36,,,,,,,
Joey Beltran,Wrestling,0.75,,,,,,,,,,,,,,,,,,,,,,,,,,,,,,,
Marco Beltrán,BJJ,,1,,,,,,,,,,,,,,,,,,,,,,,,,,,,,,
Joseph Benavidez,Wrestling,2.5,,,,,,,,,,,,,,,,,,,,,,,,,,,,,,,
Dave Beneteau,Wrestling,1.5,,,,,,,,,,,,,,,,,,,,,,,,,,,,,,,
Gabriel Benítez,Freestyle,,,,1,,,,,,,,,,,,,,,,,,,,,,,,,,,,
Lance Benoist,BJJ,,1,,,,,,,,,,,,,,,,,,,,,,,,,,,,,,
Ryan Benoit,Freestyle,,,,0.5,,,,,,,,,,,,,,,,,,,,,,,,,,,,
Dennis Bermudez,Wrestling,1.43,,,,,,,,,,,,,,,,,,,,,,,,,,,,,,,
Manny Bermudez,BJJ,,1.5,,,,,,,,,,,,,,,,,,,,,,,,,,,,,,
Matt Bessette,Freestyle,,,,0,,,,,,,,,,,,,,,,,,,,,,,,,,,,
Rony Mariano Bezerra,BJJ,,1,,,,,,,,,,,,,,,,,,,,,,,,,,,,,,
Arjan Bhullar,Wrestling,3,,,,,,,,,,,,,,,,,,,,,,,,,,,,,,,
Magomed Bibulatov,Karate,,,,,,0.5,,,,,,,,,,,,,,,,,,,,,,,,,,
David Bielkheden,BJJ,,0.5,,,,,,,,,,,,,,,,,,,,,,,,,,,,,,
Anthony Birchak,Wrestling,0.5,,,,,,,,,,,,,,,,,,,,,,,,,,,,,,,
Michael Bisping,Karate,,,,,,2.22,,,,,X,,,2.22,,,,,,,,,,,,,,,2.22,,,
Jan Blachowicz,Judo,,,1.83,,,,,,,,X,,,,,,,,1.83,,,,,,,,,,,1.83,,
Jason Black,Wrestling,0,,,,,,,,,,,,,,,,,,,,,,,,,,,,,,,
Brad Blackburn,Freestyle,,,,1.5,,,,,,,,,,,,,,,,,,,,,,,,,,,,
Maximo Blanco,Wrestling,0.8,,,,,,,,,,,,,,,,,,,,,,,,,,,,,,,
Curtis Blaydes,Wrestling,3.67,,,,,,,,,,,,,,,,,,,,,,,,,,,,,,,
Dan Bobish,Wrestling,1,,,,,,,,,,,,,,,,,,,,,,,,,,,,,,,
Mark Bocek,BJJ,,1.6,,,,,,,,,,,,,,,,,,,,,,,,,,,,,,
Kyle Bochniak,BJJ,,0.4,,,,,,,,,,,,,,,,,,,,,,,,,,,,,,
Tim Boetsch,Wrestling,1,,,,,,,,,,,,,,,,,,,,,,,,,,,,,,,
Jerry Bohlander,Wrestling,2.5,,,,,,,,,,,,,,,,,,,,,,,,,,,,,,,
Stephan Bonnar,BJJ,,1.14,,,,,,,,,,,,,,,,,,,,,,,,,,,,,,
Rogério Bontorin,Freestyle,,,,1,,,,,,,,,,,,,,,,,,,,,,,,,,,,
Ray Borg,Freestyle,,,,1.4,,,,,,,,,,,,,,,,,,,,,,,,,,,,
Tanner Boser,Karate,,,,,,1.33,,,,,,,,,,,,,,,,,,,,,,,,,,
Brian Bowles,Freestyle,,,,1,,,,,,,,,,,,,,,,,,,,,,,,,,,,
Roger Bowling,Boxing,,,,,,,,0,,,,,,,,,,,,,,,,,,,,,,,,
Kyle Bradley,Freestyle,,,,0.33,,,,,,,,,,,,,,,,,,,,,,,,,,,,
Paul Bradley,Wrestling,0,,,,,,,,,,,,,,,,,,,,,,,,,,,,,,,
Sean Brady,BJJ,,5,,,,,,,,,,,,,,,,,,,,,,,,,,,,,,
Ebenezer Fontes Braga,Wrestling,1,,,,,,,,,,,,,,,,,,,,,,,,,,,,,,,
Ramiz Brahimaj,Freestyle,,,,1,,,,,,,,,,,,,,,,,,,,,,,,,,,,
David Branch,Karate,,,,,,0.8,,,,,,,,,,,,,,,,,,,,,,,,,,
Diego Brandão,Muay Thai,,,,,1.5,,,,,,,,,,,,,,,,,,,,,,,,,,,
Martin Bravo,Freestyle,,,,0.33,,,,,,,,,,,,,,,,,,,,,,,,,,,,
Tom Breese,Wrestling,1.67,,,,,,,,,,,,,,,,,,,,,,,,,,,,,,,
Chris Brennan,BJJ,,0.5,,,,,,,,,,,,,,,,,,,,,,,,,,,,,,
Charlie Brenneman,Wrestling,0.57,,,,,,,,,,,,,,,,,,,,,,,,,,,,,,,
Jason Brilz,Wrestling,0.75,,,,,,,,,,,,,,,,,,,,,,,,,,,,,,,
Marcus Brimage,Muay Thai,,,,,1,,,,,,,,,,,,,,,,,,,,,,,,,,,
Henry Briones,Freestyle,,,,0.25,,,,,,,,,,,,,,,,,,,,,,,,,,,,
Jonathan Brookins,Wrestling,0.67,,,,,,,,,,,,,,,,,,,,,,,,,,,,,,,
Jarred Brooks,Wrestling,1,,,,,,,,,,,,,,,,,,,,,,,,,,,,,,,
Will Brooks,Freestyle,,,,0.33,,,,,,,,,,,,,,,,,,,,,,,,,,,,
Rob Broughton,Freestyle,,,,0.5,,,,,,,,,,,,,,,,,,,,,,,,,,,,
Damien Brown,Kickboxing,,,,,,,0.5,,,,,,,,,,,,,,,,,,,,,,,,,
Matt Brown,Karate,,,,,,1.25,,,,,,,,,,,,,,,,,,,,,,,,,,
Mike Brown,Wrestling,0.5,,,,,,,,,,,,,,,,,,,,,,,,,,,,,,,
Randy Brown,Boxing,,,,,,,,2,,,,,,,,,,,,,,,,,,,,,,,,
Trenton Brown,Freestyle,,,,0.67,,,,,,,,,,,,,,,,,,,,,,,,,,,,
Travis Browne,BJJ,,1.13,,,,,,,,,,,,,,,,,,,,,,,,,,,,,,
Steve Bruno,Wrestling,0.5,,,,,,,,,,,,,,,,,,,,,,,,,,,,,,,
Derek Brunson,Wrestling,2.33,,,,,,,,,,,,,,,,,,,,,,,,,,,,,,,
Justin Buchholz,Wrestling,0.25,,,,,,,,,,,,,,,,,,,,,,,,,,,,,,,
Joaquin Buckley,Wrestling,2,,,,,,,,,,,,,,,,,,,,,,,,,,,,,,,
Paul Buentello,TKD,,,,,,,,,1,,,,,,,,,,,,,,,,,,,,,,,
Modestas Bukauskas,Freestyle,,,,0.33,,,,,,,,,,,,,,,,,,,,,,,,,,,,
Shane Burgos,Freestyle,,,,2.33,,,,,,,,,,,,,,,,,,,,,,,,,,,,
Josh Burkman,Wrestling,0.46,,,,,,,,,,,,,,,,,,,,,,,,,,,,,,,
Mads Burnell,Freestyle,,,,0.5,,,,,,,,,,,,,,,,,,,,,,,,,,,,
Mikey Burnett,Wrestling,2,,,,,,,,,,,,,,,,,,,,,,,,,,,,,,,
Gilbert Burns,BJJ,,3.25,,,,,,,,,,,,,,,,,,,,,,,,,,,,,,
Herbert Burns,BJJ,,3,,,,,,,,,,,,,,,,,,,,,,,,,,,,,,
Kevin Burns,TKD,,,,,,,,,0.67,,,,,,,,,,,,,,,,,,,,,,,
Nah-Shon Burrell,Freestyle,,,,1,,,,,,,,,,,,,,,,,,,,,,,,,,,,
Murilo Bustamante,BJJ,,3,,,,,,,,,X,,3,,,,,,,,,,,3,,,,,,,,
Charles Byrd,Wrestling,1,,,,,,,,,,,,,,,,,,,,,,,,,,,,,,,
Alex Caceres,Freestyle,,,,1.36,,,,,,,,,,,,,,,,,,,,,,,,,,,,
Frank Camacho,Freestyle,,,,0.4,,,,,,,,,,,,,,,,,,,,,,,,,,,,
Fabrício Camões,BJJ,,0.2,,,,,,,,,,,,,,,,,,,,,,,,,,,,,,
Brian Camozzi,Wrestling,0,,,,,,,,,,,,,,,,,,,,,,,,,,,,,,,
Chris Camozzi,Wrestling,0.9,,,,,,,,,,,,,,,,,,,,,,,,,,,,,,,
Will Campuzano ,TKD,,,,,,,,,0,,,,,,,,,,,,,,,,,,,,,,,
Aleksa Camur,Freestyle,,,,1,,,,,,,,,,,,,,,,,,,,,,,,,,,,
Chico Camus,Freestyle,,,,1,,,,,,,,,,,,,,,,,,,,,,,,,,,,
Luiz Cané,BJJ,,0.8,,,,,,,,,,,,,,,,,,,,,,,,,,,,,,
Guido Cannetti,Muay Thai,,,,,0.6,,,,,,,,,,,,,,,,,,,,,,,,,,,
Jared Cannonier ,Freestyle,,,,1.6,,,,,,,,,,,,,,,,,,,,,,,,,,,,
Steve Cantwell,Kickboxing,,,,,,,0.2,,,,,,,,,,,,,,,,,,,,,,,,,
Bryan Caraway,Wrestling,1.5,,,,,,,,,,,,,,,,,,,,,,,,,,,,,,,
Chris Cariaso,Freestyle,,,,1.17,,,,,,,,,,,,,,,,,,,,,,,,,,,,
Antônio Carlos Júnior,BJJ,,1.4,,,,,,,,,,,,,,,,,,,,,,,,,,,,,,
Spike Carlyle,Freestyle,,,,0.5,,,,,,,,,,,,,,,,,,,,,,,,,,,,
Francis Carmont,Freestyle,,,,2,,,,,,,,,,,,,,,,,,,,,,,,,,,,
Roan Carneiro,BJJ,,0.8,,,,,,,,,,,,,,,,,,,,,,,,,,,,,,
Shonie Carter,Wrestling,1,,,,,,,,,,,,,,,,,,,,,,,,,,,,,,,
Antonio Carvalho,BJJ,,1,,,,,,,,,,,,,,,,,,,,,,,,,,,,,,
Shane Carwin,Wrestling,2,,,,,,,,,,,,,,,,,,,,,,,,,,,,,,,
Johnny Case,Freestyle,,,,2,,,,,,,,,,,,,,,,,,,,,,,,,,,,
Kevin Casey,BJJ,,0.2,,,,,,,,,,,,,,,,,,,,,,,,,,,,,,
John Castañeda,Wrestling,2,,,,,,,,,,,,,,,,,,,,,,,,,,,,,,,
Danny Castillo,Wrestling,1,,,,,,,,,,,,,,,,,,,,,,,,,,,,,,,
Gil Castillo,Wrestling,0.5,,,,,,,,,,,,,,,,,,,,,,,,,,,,,,,
Nick Catone,Wrestling,1,,,,,,,,,,,,,,,,,,,,,,,,,,,,,,,
Luke Caudillo,Freestyle,,,,0,,,,,,,,,,,,,,,,,,,,,,,,,,,,
Rafael Cavalcante,BJJ,,0.25,,,,,,,,,,,,,,,,,,,,,,,,,,,,,,
Magnus Cedenblad,Wrestling,2,,,,,,,,,,,,,,,,,,,,,,,,,,,,,,,
Yosdenis Cedeno,Karate,,,,,,0.33,,,,,,,,,,,,,,,,,,,,,,,,,,
Henry Cejudo,Wrestling,5,,,,,,,,,,X,5,,,,,,,,,,,5,,,,,,,,,
Donald Cerrone,Kickboxing,,,,,,,1.64,,,,,,,,,,,,,,,,,,,,,,,,,
Michael Chandler,Wrestling,0.5,,,,,,,,,,,,,,,,,,,,,,,,,,,,,,,
Danny Chavez,Freestyle,,,,0.5,,,,,,,,,,,,,,,,,,,,,,,,,,,,
Ernest Chavez,Freestyle,,,,0.5,,,,,,,,,,,,,,,,,,,,,,,,,,,,
Fabio Cherant,Freestyle,,,,0,,,,,,,,,,,,,,,,,,,,,,,,,,,,
Michael Chiesa,Wrestling,1.83,,,,,,,,,,,,,,,,,,,,,,,,,,,,,,,
Giga Chikadze,Karate,,,,,,7,,,,,,,,,,,,,,,,,,,,,,,,,,
Khamzat Chimaev,Wrestling,4,,,,,,,,,,,,,,,,,,,,,,,,,,,,,,,
Sako Chivitchian,Judo,,,0,,,,,,,,,,,,,,,,,,,,,,,,,,,,,
Doo Ho Choi,TKD,,,,,,,,,1,,,,,,,,,,,,,,,,,,,,,,,
Seung Woo Choi,Muay Thai,,,,,1,,,,,,,,,,,,,,,,,,,,,,,,,,,
John Cholish,Freestyle,,,,0.5,,,,,,,,,,,,,,,,,,,,,,,,,,,,
Ryo Chonan,Karate,,,,,,0.33,,,,,,,,,,,,,,,,,,,,,,,,,,
Joachim Christensen,Freestyle,,,,0.33,,,,,,,,,,,,,,,,,,,,,,,,,,,,
Dan Christison,BJJ,,1,,,,,,,,,,,,,,,,,,,,,,,,,,,,,,
Misha Cirkunov,Judo,,,1,,,,,,,,,,,,,,,,,,,,,,,,,,,,,
Devin Clark,Wrestling,1,,,,,,,,,,,,,,,,,,,,,,,,,,,,,,,
LaVerne Clark,Boxing,,,,,,,,4,,,,,,,,,,,,,,,,,,,,,,,,
Logan Clark,Wrestling,1,,,,,,,,,,,,,,,,,,,,,,,,,,,,,,,
Mitch Clarke,Wrestling,0.4,,,,,,,,,,,,,,,,,,,,,,,,,,,,,,,
Rich Clementi,Wrestling,1,,,,,,,,,,,,,,,,,,,,,,,,,,,,,,,
Chris Clements,TKD,,,,,,,,,1,,,,,,,,,,,,,,,,,,,,,,,
Felipe Colares,Judo,,,0.67,,,,,,,,,,,,,,,,,,,,,,,,,,,,,
Mark Coleman,Wrestling,1.4,,,,,,,,,,X,1.4,,,,,,,,,,,1.4,,,,,,,,,
Jake Collier,BJJ,,1,,,,,,,,,,,,,,,,,,,,,,,,,,,,,,
Carlos Condit,Wrestling,0.9,,,,,,,,,,,,,,,,,,,,,,,,,,,,,,,
Chris Cope,Karate,,,,,,0.5,,,,,,,,,,,,,,,,,,,,,,,,,,
Kit Cope,Muay Thai,,,,,0,,,,,,,,,,,,,,,,,,,,,,,,,,,
Akira Corassani,TKD,,,,,,,,,1,,,,,,,,,,,,,,,,,,,,,,,
Daniel Cormier,Wrestling,3.67,,,,,,,,,,X,3.67,,,,,,,,,,,3.67,,,,,,,,,
Wesley Correira,Freestyle,,,,1,,,,,,,,,,,,,,,,,,,,,,,,,,,,
Paulo Costa,Muay Thai,,,,,2.5,,,,,,,,,,,,,,,,,,,,,,,,,,,
Randy Costa,Freestyle,,,,0.67,,,,,,,,,,,,,,,,,,,,,,,,,,,,
Patrick Côté,Freestyle,,,,1,,,,,,,,,,,,,,,,,,,,,,,,,,,,
Randy Couture,Wrestling,2,,,,,,,,,,X,2,,,,,,,,,,,2,,,,,,,,,
Ryan Couture,Wrestling,0,,,,,,,,,,,,,,,,,,,,,,,,,,,,,,,
Colby Covington ,Wrestling,4,,,,,,,,,,X,4,,,,,,,,,,,4,,,,,,,,,
Andrew Craig,BJJ,,0.75,,,,,,,,,,,,,,,,,,,,,,,,,,,,,,
Paul Craig,Freestyle,,,,1.4,,,,,,,,,,,,,,,,,,,,,,,,,,,,
Dan Cramer,BJJ,,1,,,,,,,,,,,,,,,,,,,,,,,,,,,,,,
Alberto Crane,BJJ,,0,,,,,,,,,,,,,,,,,,,,,,,,,,,,,,
Tim Credeur ,BJJ,,1.5,,,,,,,,,,,,,,,,,,,,,,,,,,,,,,
Paul Creighton,Wrestling,0,,,,,,,,,,,,,,,,,,,,,,,,,,,,,,,
Kevin Croom,Freestyle,,,,0,,,,,,,,,,,,,,,,,,,,,,,,,,,,
Allen Crowder,Freestyle,,,,1,,,,,,,,,,,,,,,,,,,,,,,,,,,,
Daron Cruickshank ,TKD,,,,,,,,,1,,,,,,,,,,,,,,,,,,,,,,,
Richard Crunkilton,Judo,,,0,,,,,,,,,,,,,,,,,,,,,,,,,,,,,
Jimmy Crute,Freestyle,,,,1.67,,,,,,,,,,,,,,,,,,,,,,,,,,,,
Dominick Cruz,Wrestling,3.5,,,,,,,,,,X,3.5,,,,,,,,,,,3.5,,,,,,,,,
Márcio Cruz,Judo,,,1,,,,,,,,,,,,,,,,,,,,,,,,,,,,,
Joshua Culibao,Freestyle,,,,0.5,,,,,,,,,,,,,,,,,,,,,,,,,,,,
Zak Cummings,Wrestling,2.25,,,,,,,,,,,,,,,,,,,,,,,,,,,,,,,
Patrick Cummins,Wrestling,0.86,,,,,,,,,,,,,,,,,,,,,,,,,,,,,,,
Luke Cummo,Muay Thai,,,,,0.75,,,,,,,,,,,,,,,,,,,,,,,,,,,
Jeff Curran,BJJ,,0,,,,,,,,,,,,,,,,,,,,,,,,,,,,,,
Ion Cuțelaba,Wrestling,0.83,,,,,,,,,,,,,,,,,,,,,,,,,,,,,,,
Bruno da Silva,Freestyle,,,,1,,,,,,,,,,,,,,,,,,,,,,,,,,,,
Henrique da Silva,Muay Thai,,,,,0.5,,,,,,,,,,,,,,,,,,,,,,,,,,,
Alex da Silva Coelho,Freestyle,,,,0.5,,,,,,,,,,,,,,,,,,,,,,,,,,,,
Nicolas Dalby,Karate,,,,,,2,,,,,,,,,,,,,,,,,,,,,,,,,,
Paul Daley,Karate,,,,,,2,,,,,,,,,,,,,,,,,,,,,,,,,,
Rodrigo Damm,Wrestling,0.75,,,,,,,,,,,,,,,,,,,,,,,,,,,,,,,
Jarjis Danho,Freestyle,,,,0.5,,,,,,,,,,,,,,,,,,,,,,,,,,,,
Alexandre Dantas,BJJ,,0,,,,,,,,,,,,,,,,,,,,,,,,,,,,,,
Mac Danzig,Freestyle,,,,0.63,,,,,,,,,,,,,,,,,,,,,,,,,,,,
Beneil Dariush,BJJ,,3,,,,,,,,,,,,,,,,,,,,,,,,,,,,,,
Chros Daukaus,Freestyle,,,,4,,,,,,,,,,,,,,,,,,,,,,,,,,,,
Kyle Daukaus,Freestyle,,,,1.5,,,,,,,,,,,,,,,,,,,,,,,,,,,,
Brandon Davis,BJJ,,0.5,,,,,,,,,,,,,,,,,,,,,,,,,,,,,,
Marcus Davis,Boxing,,,,,,,,1.33,,,,,,,,,,,,,,,,,,,,,,,,
Mike Davis,Wrestling,2,,,,,,,,,,,,,,,,,,,,,,,,,,,,,,,
Phil Davis,Wrestling,3,,,,,,,,,,,,,,,,,,,,,,,,,,,,,,,
Hakeem Dawodu,Muay Thai,,,,,3,,,,,,,,,,,,,,,,,,,,,,,,,,,
Grant Dawson,Wrestling,6,,,,,,,,,,,,,,,,,,,,,,,,,,,,,,,
Jason Day,Freestyle,,,,0.5,,,,,,,,,,,,,,,,,,,,,,,,,,,,
Martin Day,TKD,,,,,,,,,0,,,,,,,,,,,,,,,,,,,,,,,
Douglas de Andrade,Freestyle,,,,1.5,,,,,,,,,,,,,,,,,,,,,,,,,,,,
Geraldo de Freitas,BJJ,,0.5,,,,,,,,,,,,,,,,,,,,,,,,,,,,,,
Phil De Fries,BJJ,,0.67,,,,,,,,,,,,,,,,,,,,,,,,,,,,,,
Chris de la Rocha,BJJ,,0.33,,,,,,,,,,,,,,,,,,,,,,,,,,,,,,
Mark de la Rosa,BJJ,,0.4,,,,,,,,,,,,,,,,,,,,,,,,,,,,,,
Mike De La Torre,Freestyle,,,,0.5,,,,,,,,,,,,,,,,,,,,,,,,,,,,
Shane Del Rosario,Kickboxing,,,,,,,0,,,,,,,,,,,,,,,,,,,,,,,,,
Tom DeBlass,BJJ,,0,,,,,,,,,,,,,,,,,,,,,,,,,,,,,,
Yorgan De Castro,Kickboxing,,,,,,,0.67,,,,,,,,,,,,,,,,,,,,,,,,,
Rolando Delgado,Freestyle,,,,0.5,,,,,,,,,,,,,,,,,,,,,,,,,,,,
Roland Delorme,Judo,,,1,,,,,,,,,,,,,,,,,,,,,,,,,,,,,
Jon Delos Reyes,BJJ,,0.33,,,,,,,,,,,,,,,,,,,,,,,,,,,,,,
Chris Dempsey,Wrestling,0.33,,,,,,,,,,,,,,,,,,,,,,,,,,,,,,,
Nick Denis,Karate,,,,,,1,,,,,,,,,,,,,,,,,,,,,,,,,,
Jason Dent,Karate,,,,,,0.33,,,,,,,,,,,,,,,,,,,,,,,,,,
Tony DeSouza,Wrestling,0.57,,,,,,,,,,,,,,,,,,,,,,,,,,,,,,,
Edwin Dewees,BJJ,,0,,,,,,,,,,,,,,,,,,,,,,,,,,,,,,
Cyrille Diabaté,Muay Thai,,,,,1,,,,,,,,,,,,,,,,,,,,,,,,,,,
Marc Diakiese,Freestyle,,,,,,,,,,,,,,,,,,,,,,,,,,,,,,,,
Hacran Dias,BJJ,,0.6,,,,,,,,,,,,,,,,,,,,,,,,,,,,,,
Nate Diaz,BJJ,,1.36,,,,,,,,,,,,,,,,,,,,,,,,,,,,,,
Nick Diaz,Wrestling,0.88,,,,,,,,,,,,,,,,,,,,,,,,,,,,,,,
Alessio Di Chirico,Freestyle,,,,0.67,,,,,,,,,,,,,,,,,,,,,,,,,,,,
T.J. Dillashaw,Wrestling,3.25,,,,,,,,,,X,3.25,,,,,,,,,,,3.25,,,,,,,,,
Russell Doane,Freestyle,,,,0.6,,,,,,,,,,,,,,,,,,,,,,,,,,,,
Drew Dober,Muay Thai,,,,,1.43,,,,,,,,,,,,,,,,,,,,,,,,,,,
John Dodson,Wrestling,1.25,,,,,,,,,,,,,,,,,,,,,,,,,,,,,,,
Joe Doerksen,BJJ,,0.29,,,,,,,,,,,,,,,,,,,,,,,,,,,,,,
Roman Dolidze,Wrestling,3,,,,,,,,,,,,,,,,,,,,,,,,,,,,,,,
C.B. Dollaway,Wrestling,1.22,,,,,,,,,,,,,,,,,,,,,,,,,,,,,,,
Cody Donovan,BJJ,,0.33,,,,,,,,,,,,,,,,,,,,,,,,,,,,,,
Rafael dos Anjos,BJJ,,1.82,,,,,,,,,X,,1.82,,,,,,,,,,,1.82,,,,,,,,
Anderson dos Santos,BJJ,,0.33,,,,,,,,,,,,,,,,,,,,,,,,,,,,,,
Elizeu Zaleski dos Santos,Capoeira/Freestyle,,,,3,,,,,,,,,,,,,,,,,,,,,,,,,,,,
Junior dos Santos,Boxing,,,,,,,,1.88,,,X,,,,1.88,,,,,,,,,1.88,,,,,,,,
Danny Downes,Muay Thai,,,,,0,,,,,,,,,,,,,,,,,,,,,,,,,,,
Tomasz Drwal,Freestyle,,,,0.67,,,,,,,,,,,,,,,,,,,,,,,,,,,,
Todd Duffee,Boxing,,,,,,,,1.5,,,,,,,,,,,,,,,,,,,,,,,,
Joseph Duffy,TKD,,,,,,,,,1,,,,,,,,,,,,,,,,,,,,,,,
Evan Dunham,Wrestling,1.1,,,,,,,,,,,,,,,,,,,,,,,,,,,,,,,
Tom Duquesnoy,Wrestling,2,,,,,,,,,,,,,,,,,,,,,,,,,,,,,,,
Reuben Duran,Wrestling,0.33,,,,,,,,,,,,,,,,,,,,,,,,,,,,,,,
Cody Durden,Wrestling,0.33,,,,,,,,,,,,,,,,,,,,,,,,,,,,,,,
Merab Dvalishvili,Wrestling,3.5,,,,,,,,,,,,,,,,,,,,,,,,,,,,,,,
David Dvořák,Freestyle,,,,3,,,,,,,,,,,,,,,,,,,,,,,,,,,,
Matt Dwyer,Freestyle,,,,0.33,,,,,,,,,,,,,,,,,,,,,,,,,,,,
Rolando Dy,Freestyle,,,,0.33,,,,,,,,,,,,,,,,,,,,,,,,,,,,
Marvin Eastman,Wrestling,0.5,,,,,,,,,,,,,,,,,,,,,,,,,,,,,,,
Mike Easton,TKD,,,,,,,,,0.75,,,,,,,,,,,,,,,,,,,,,,,
Brian Ebersole,Wrestling,1.67,,,,,,,,,,,,,,,,,,,,,,,,,,,,,,,
Mark Eddiva,Kung Fu,,,,,,,,,,0.33,,,,,,,,,,,,,,,,,,,,,,
Frankie Edgar,Wrestling,1.64,,,,,,,,,,X,1.64,,,,,,,,,,,1.64,,,,,,,,,
Johnny Eduardo,Freestyle,,,,0.6,,,,,,,,,,,,,,,,,,,,,,,,,,,,
Justin Edwards,Wrestling,0.4,,,,,,,,,,,,,,,,,,,,,,,,,,,,,,,
Leon Edwards ,Freestyle,,,,5.5,,,,,,,,,,,,,,,,,,,,,,,,,,,,
Yves Edwards,Freestyle,,,,0.91,,,,,,,,,,,,,,,,,,,,,,,,,,,,
Justin Eilers,Wrestling,0.33,,,,,,,,,,,,,,,,,,,,,,,,,,,,,,,
Jon Olav Einemo ,BJJ,,0,,,,,,,,,,,,,,,,,,,,,,,,,,,,,,
Per Eklund,Freestyle,,,,0.5,,,,,,,,,,,,,,,,,,,,,,,,,,,,
Darren Elkins,Wrestling,1.78,,,,,,,,,,,,,,,,,,,,,,,,,,,,,,,
Jake Ellenberger,Wrestling,0.91,,,,,,,,,,,,,,,,,,,,,,,,,,,,,,,
Tim Elliott,Wrestling,0.7,,,,,,,,,,,,,,,,,,,,,,,,,,,,,,,
Ramazan Emeev,Wrestling,2.5,,,,,,,,,,,,,,,,,,,,,,,,,,,,,,,
Rob Emerson,Karate,,,,,,0.75,,,,,,,,,,,,,,,,,,,,,,,,,,
Jamal Emmers,Wrestling,0.33,,,,,,,,,,,,,,,,,,,,,,,,,,,,,,,
Josh Emmett,Wrestling,2,,,,,,,,,,,,,,,,,,,,,,,,,,,,,,,
Ian Entwistle,Freestyle,,,,0.5,,,,,,,,,,,,,,,,,,,,,,,,,,,,
Julian Erosa,Freestyle,,,,1.5,,,,,,,,,,,,,,,,,,,,,,,,,,,,
Cole Escovedo,Freestyle,,,,0,,,,,,,,,,,,,,,,,,,,,,,,,,,,
Efrain Escudero,Wrestling,0.71,,,,,,,,,,,,,,,,,,,,,,,,,,,,,,,
Juan Espino,Wrestling,2,,,,,,,,,,,,,,,,,,,,,,,,,,,,,,,
Jordan Espinosa ,Wrestling,1,,,,,,,,,,,,,,,,,,,,,,,,,,,,,,,
Terry Etim,Wrestling,1.2,,,,,,,,,,,,,,,,,,,,,,,,,,,,,,,
Doug Evans,Freestyle,,,,1.2,,,,,,,,,,,,,,,,,,,,,,,,,,,,
Rashad Evans,Wrestling,1.56,,,,,,,,,,X,1.56,,,,,,,,,,,1.56,,,,,,,,,
Dan Evensen,Judo,,,0,,,,,,,,,,,,,,,,,,,,,,,,,,,,,
Movsar Evloev,Wrestling,5,,,,,,,,,,,,,,,,,,,,,,,,,,,,,,,
Andre Ewell,Boxing,,,,,,,,0.8,,,,,,,,,,,,,,,,,,,,,,,,
Edward Faaloloto ,Freestyle,,,,0,,,,,,,,,,,,,,,,,,,,,,,,,,,,
Urijah Faber,Wrestling,1.57,,,,,,,,,,,,,,,,,,,,,,,,,,,,,,,
Bartosz Fabiński,Judo,,,1.33,,,,,,,,,,,,,,,,,,,,,,,,,,,,,
Maiquel Falcão,Freestyle,,,,1,,,,,,,,,,,,,,,,,,,,,,,,,,,,
Brodie Farber,Freestyle,,,,0,,,,,,,,,,,,,,,,,,,,,,,,,,,,
Paul Felder,TKD,,,,,,,,,1.5,,,,,,,,,,,,,,,,,,,,,,,
Carlos Felipe,Boxing,,,,,,,,1.5,,,,,,,,,,,,,,,,,,,,,,,,
Kevin Ferguson ,Freestyle,,,,1,,,,,,,,,,,,,,,,,,,,,,,,,,,,
Tony Ferguson,Wrestling,3.75,,,,,,,,,,,,,,,,,,,,,,,,,,,,,,,
Carlos Diego Ferreira,BJJ,,1.6,,,,,,,,,,,,,,,,,,,,,,,,,,,,,,
Cezar Ferreira,BJJ,,1.5,,,,,,,,,,,,,,,,,,,,,,,,,,,,,,
Scott Ferrozzo,Freestyle,,1.5,,,,,,,,,,,,,,,,,,,,,,,,,,,,,,
Drew Fickett,Wrestling,1.33,,,,,,,,,,,,,,,,,,,,,,,,,,,,,,,
Deiveson Figueiredo,Wrestling,3.33,,,,,,,,,,X,3.33,,,,,,,,,,,3.33,,,,,,,,,
Edwin Figueroa,Kickboxing,,,,,,,0.4,,,,,,,,,,,,,,,,,,,,,,,,,
Andre Fili,Freestyle,,,,1.29,,,,,,,,,,,,,,,,,,,,,,,,,,,,
Mirko Filipović,Kickboxing,,,,,,,0.83,,,,,,,,,,,,,,,,,,,,,,,,,
Luigi Fioravanti,Wrestling,0.8,,,,,,,,,,,,,,,,,,,,,,,,,,,,,,,
Spencer Fisher,Karate,,,,,,1.13,,,,,,,,,,,,,,,,,,,,,,,,,,
Chris Fishgold,Freestyle,,,,0.33,,,,,,,,,,,,,,,,,,,,,,,,,,,,
Jon Fitch ,Wrestling,3.5,,,,,,,,,,,,,,,,,,,,,,,,,,,,,,,
Rafael Fiziev,Muay Thai,,,,,5,,,,,,,,,,,,,,,,,,,,,,,,,,,
Colin Fletcher,BJJ,,0,,,,,,,,,,,,,,,,,,,,,,,,,,,,,,
Kenny Florian,BJJ,,2.4,,,,,,,,,,,,,,,,,,,,,,,,,,,,,,
Caros Fodor,Wrestling,0,,,,,,,,,,,,,,,,,,,,,,,,,,,,,,,
Rob Font,Freestyle,,,,2.25,,,,,,,,,,,,,,,,,,,,,,,,,,,,
Jesse Forbes,Wrestling,0,,,,,,,,,,,,,,,,,,,,,,,,,,,,,,,
Jussier Formiga,Freestyle,,,,1.29,,,,,,,,,,,,,,,,,,,,,,,,,,,,
Renee Forte,Freestyle,,,,0.33,,,,,,,,,,,,,,,,,,,,,,,,,,,,
Brian Foster,Freestyle,,,,1.5,,,,,,,,,,,,,,,,,,,,,,,,,,,,
Hermes França,BJJ,,1.2,,,,,,,,,,,,,,,,,,,,,,,,,,,,,,
Rich Franklin,Karate,,,,,,2.33,,,,,X,,,2.33,,,,,,,,,,,,,,,2.33,,,
Justin Frazier,Freestyle,,,,0,,,,,,,,,,,,,,,,,,,,,,,,,,,,
Zane Frazier,Karate,,,,,,0,,,,,,,,,,,,,,,,,,,,,,,,,,
Ian Freeman,Boxing,,,,,,,,1,,,,,,,,,,,,,,,,,,,,,,,,
Willamy Freire,Freestyle,,,,0,,,,,,,,,,,,,,,,,,,,,,,,,,,,
Matt Frevola,Wrestling,1,,,,,,,,,,,,,,,,,,,,,,,,,,,,,,,
Don Frye,Wrestling,10,,,,,,,,,,,,,,,,,,,,,,,,,,,,,,,
Tony Fryklund,Kickboxing,,,,,,,1,,,,,,,,,,,,,,,,,,,,,,,,,
Katsuhisa Fujii,Judo,,,1,,,,,,,,,,,,,,,,,,,,,,,,,,,,,
Riki Fukuda,Wrestling,0.33,,,,,,,,,,,,,,,,,,,,,,,,,,,,,,,
Travis Fulton,Wrestling,1,,,,,,,,,,,,,,,,,,,,,,,,,,,,,,,
Ricardo Funch,Freestyle,,,,0,,,,,,,,,,,,,,,,,,,,,,,,,,,,
Justin Gaethje,Boxing,,,,,,,,2,,,X,,,,2,,,,,,,,,,,,,,,,,
Mitch Gagnon,Freestyle,,,,1,,,,,,,,,,,,,,,,,,,,,,,,,,,,
Mickey Gall,BJJ,,1.5,,,,,,,,,,,,,,,,,,,,,,,,,,,,,,
Manvel Gamburyan,Judo,,,0.75,,,,,,,,,,,,,,,,,,,,,,,,,,,,,
Mateusz Gamrot,Wrestling,3,,,,,,,,,,,,,,,,,,,,,,,,,,,,,,,
Shamil Gamzatov,Wrestling,1,,,,,,,,,,,,,,,,,,,,,,,,,,,,,,,
Ciryl Gane,Muay Thai,,,,,7,,,,,,,,,,,,,,,,,,,,,,,,,,,
Luiz Garagorri,Freestyle,,,,0.5,,,,,,,,,,,,,,,,,,,,,,,,,,,,
Alex Garcia,Freestyle,,,,1,,,,,,,,,,,,,,,,,,,,,,,,,,,,
Edgar Garcia,Freestyle,,,,0,,,,,,,,,,,,,,,,,,,,,,,,,,,,
Leonard Garcia,Freestyle,,,,0.29,,,,,,,,,,,,,,,,,,,,,,,,,,,,
Rafa García,Freestyle,,,,0.5,,,,,,,,,,,,,,,,,,,,,,,,,,,,
Cody Garbrandt,Boxing,,,,,,,,1.4,,,X,,,,1.4,,,,,,,,,,1.4,,,,,,,
Pablo Garza,Freestyle,,,,0.67,,,,,,,,,,,,,,,,,,,,,,,,,,,,
Kelvin Gastelum,Wrestling,1.5,,,,,,,,,,,,,,,,,,,,,,,,,,,,,,,
Louis Gaudinot,Karate,,,,,,0.33,,,,,,,,,,,,,,,,,,,,,,,,,,
Tiki Ghosn,Muay Thai,,,,,0,,,,,,,,,,,,,,,,,,,,,,,,,,,
Christos Giagos,Wrestling,1,,,,,,,,,,,,,,,,,,,,,,,,,,,,,,,
Cody Gibson ,Wrestling,0.33,,,,,,,,,,,,,,,,,,,,,,,,,,,,,,,
Lance Gibson,Freestyle,,,,1,,,,,,,,,,,,,,,,,,,,,,,,,,,,
trevin Giles,Freestyle,,,,1.25,,,,,,,,,,,,,,,,,,,,,,,,,,,,
Gregor Gillespie,Wrestling,7,,,,,,,,,,,,,,,,,,,,,,,,,,,,,,,
Ricky Glenn,Freestyle,,,,1,,,,,,,,,,,,,,,,,,,,,,,,,,,,
Mark Godbeer,Freestyle,,,,1,,,,,,,,,,,,,,,,,,,,,,,,,,,,
Allan Goes,BJJ,,0,,,,,,,,,,,,,,,,,,,,,,,,,,,,,,
Marcelo Golm,Freestyle,,,,0.33,,,,,,,,,,,,,,,,,,,,,,,,,,,,
Ulysses Gomez,Wrestling,0,,,,,,,,,,,,,,,,,,,,,,,,,,,,,,,
Takanori Gomi,Wrestling,0.44,,,,,,,,,,,,,,,,,,,,,,,,,,,,,,,
Akihiro Gono,Freestyle,,,,0.5,,,,,,,,,,,,,,,,,,,,,,,,,,,,
Gabriel Gonzaga,BJJ,,1.2,,,,,,,,,,,,,,,,,,,,,,,,,,,,,,
Lyman Good,Freestyle,,,,1,,,,,,,,,,,,,,,,,,,,,,,,,,,,
Jared Gooden,Freestyle,,,,0.33,,,,,,,,,,,,,,,,,,,,,,,,,,,,
Gary Goodridge,Boxing,,,,,,,,0.75,,,,,,,,,,,,,,,,,,,,,,,,
Gerard Gordeau,Karate,,,,,,2,,,,,,,,,,,,,,,,,,,,,,,,,,
Eddie Gordon,Freestyle,,,,0.33,,,,,,,,,,,,,,,,,,,,,,,,,,,,
Jared Gordon,Freestyle,,,,2,,,,,,,,,,,,,,,,,,,,,,,,,,,,
Malcolm Gordon,Freestyle,,,,1,,,,,,,,,,,,,,,,,,,,,,,,,,,,
Jonathan Goulet,Karate,,,,,,0.8,,,,,,,,,,,,,,,,,,,,,,,,,,
Thibault Gouti,Freestyle,,,,0.2,,,,,,,,,,,,,,,,,,,,,,,,,,,,
Wilson Gouveia,BJJ,,1.5,,,,,,,,,,,,,,,,,,,,,,,,,,,,,,
Damian Grabowski,BJJ,,0,,,,,,,,,,,,,,,,,,,,,,,,,,,,,,
Kron Gracie,BJJ,,1,,,,,,,,,,,,,,,,,,,,,,,,,,,,,,
Roger Gracie,BJJ,,0,,,,,,,,,,,,,,,,,,,,,,,,,,,,,,
Rolles Gracie,BJJ,,0,,,,,,,,,,,,,,,,,,,,,,,,,,,,,,
Royce Gracie,BJJ,,5.5,,,,,,,,,,,,,,,,,,,,,,,,,,,,,,
Davey Grant,Kickboxing,,,,,,,0.8,,,,,,,,,,,,,,,,,,,,,,,,,
Dwight Grant,Kickboxing,,,,,,,1.33,,,,,,,,,,,,,,,,,,,,,,,,,
T. J. Grant,BJJ,,2.67,,,,,,,,,,,,,,,,,,,,,,,,,,,,,,
Tony Gravely,TKD,,,,,,,,,2,,,,,,,,,,,,,,,,,,,,,,,
Bobby Green,Wrestling,1.11,,,,,,,,,,,,,,,,,,,,,,,,,,,,,,,
Desmond Green,Wrestling,1.33,,,,,,,,,,,,,,,,,,,,,,,,,,,,,,,
Maurice Greene,Freestyle,,,,1,,,,,,,,,,,,,,,,,,,,,,,,,,,,
Matt Grice,Wrestling,0.4,,,,,,,,,,,,,,,,,,,,,,,,,,,,,,,
Forrest Griffin,Freestyle,,,,2,,,,,,,X,,,,,,,,,2,,,,,,,,,,,2,
Jordan Griffin,Freestyle,,,,0.5,,,,,,,,,,,,,,,,,,,,,,,,,,,,
Max Griffin,Kung Fu,,,,,,,,,,1,,,,,,,,,,,,,,,,,,,,,,
Tyson Griffin,Wrestling,1.33,,,,,,,,,,,,,,,,,,,,,,,,,,,,,,,
Chad Griggs,Freestyle,,,,0,,,,,,,,,,,,,,,,,,,,,,,,,,,,
Josh Grispi,Freestyle,,,,0,,,,,,,,,,,,,,,,,,,,,,,,,,,,
Kendall Grove,BJJ,,1.17,,,,,,,,,,,,,,,,,,,,,,,,,,,,,,
Neil Grove,Karate,,,,,,0,,,,,,,,,,,,,,,,,,,,,,,,,,
Chris Gruetzemacher,Wrestling,0.75,,,,,,,,,,,,,,,,,,,,,,,,,,,,,,,
Vik Grujic,Freestyle,,,,0.33,,,,,,,,,,,,,,,,,,,,,,,,,,,,
Mike Grundy,Wrestling,0.33,,,,,,,,,,,,,,,,,,,,,,,,,,,,,,,
Shannon Gugerty,Wrestling,0.67,,,,,,,,,,,,,,,,,,,,,,,,,,,,,,,
Clay Guida,Wrestling,1.13,,,,,,,,,,,,,,,,,,,,,,,,,,,,,,,
Melvin Guillard,Wrestling,1.33,,,,,,,,,,,,,,,,,,,,,,,,,,,,,,,
Marcelo Guimarães,BJJ,,1,,,,,,,,,,,,,,,,,,,,,,,,,,,,,,
John Gunderson,Freestyle,,,,0.5,,,,,,,,,,,,,,,,,,,,,,,,,,,,
Fabio Gurgel,BJJ,,0,,,,,,,,,,,,,,,,,,,,,,,,,,,,,,
Jorge Gurgel,BJJ,,0.75,,,,,,,,,,,,,,,,,,,,,,,,,,,,,,
Alexander Gustafsson,Boxing,,,,,,,,1.43,,,,,,,,,,,,,,,,,,,,,,,,
Chris Gutiérrez,Freestyle,,,,2.5,,,,,,,,,,,,,,,,,,,,,,,,,,,,
Mike Guymon,Kickboxing,,,,,,,0.33,,,,,,,,,,,,,,,,,,,,,,,,,
Keith Hackney,Karate,,,,,,1,,,,,,,,,,,,,,,,,,,,,,,,,,
Damir Hadzovic,Freestyle,,,,1,,,,,,,,,,,,,,,,,,,,,,,,,,,,
Tim Hague,Freestyle,,,,0.25,,,,,,,,,,,,,,,,,,,,,,,,,,,,
Mark Hall,Kickboxer,,,,,,,1.33,,,,,,,,,,,,,,,,,,,,,,,,,
Ryan Hall,BJJ,,5,,,,,,,,,,,,,,,,,,,,,,,,,,,,,,
Uriah Hall,Kickboxing,,,,,,,1.25,,,,,,,,,,,,,,,,,,,,,,,,,
Dennis Hallman,Wrestling,1,,,,,,,,,,,,,,,,,,,,,,,,,,,,,,,
Piotr Hallmann,Karate,,,,,,0.5,,,,,,,,,,,,,,,,,,,,,,,,,,
Matt Hamill,Wrestling,1.6,,,,,,,,,,,,,,,,,,,,,,,,,,,,,,,
Anthony Hamilton,Wrestling,0.43,,,,,,,,,,,,,,,,,,,,,,,,,,,,,,,
Jared Hamman,Wrestling,0.4,,,,,,,,,,,,,,,,,,,,,,,,,,,,,,,
Nasrat Haqparast,Kickboxing,,,,,,,1.25,,,,,,,,,,,,,,,,,,,,,,,,,
Antoni Hardonk,Kickboxing,,,,,,,1,,,,,,,,,,,,,,,,,,,,,,,,,
Dan Hardy,TKD,,,,,,,,,1.5,,,,,,,,,,,,,,,,,,,,,,,
Greg Hardy,Freestyle,,,,1.2,,,,,,,,,,,,,,,,,,,,,,,,,,,,
Carlston Harris,Freestyle,,,,2,,,,,,,,,,,,,,,,,,,,,,,,,,,,
Gerald Harris,Wrestling,3,,,,,,,,,,,,,,,,,,,,,,,,,,,,,,,
Phil Harris,Freestyle,,,,0.3,,,,,,,,,,,,,,,,,,,,,,,,,,,,
Walt Harris,Freestyle,,,,0.67,,,,,,,,,,,,,,,,,,,,,,,,,,,,
Dale Hartt,Freestyle,,,,0.5,,,,,,,,,,,,,,,,,,,,,,,,,,,,
Clay Harvison,Kickboxing,,,,,,,0.5,,,,,,,,,,,,,,,,,,,,,,,,,
Chris Haseman,Karate,,,,,,0,,,,,,,,,,,,,,,,,,,,,,,,,,
John Hathaway,Freestyle,,,,3.5,,,,,,,,,,,,,,,,,,,,,,,,,,,,
Phil Hawes,Wrestling,2,,,,,,,,,,,,,,,,,,,,,,,,,,,,,,,
Josh Haynes,Freestyle,,,,0,,,,,,,,,,,,,,,,,,,,,,,,,,,,
Dustin Hazelett,BJJ,,1,,,,,,,,,,,,,,,,,,,,,,,,,,,,,,
James Head,BJJ,,0.67,,,,,,,,,,,,,,,,,,,,,,,,,,,,,,
Pat Healy,Freestyle,,,,0.2,,,,,,,,,,,,,,,,,,,,,,,,,,,,
David Heath,Freestyle,,,,0.67,,,,,,,,,,,,,,,,,,,,,,,,,,,,
Jake Hecht,Freestyle,,,,0.5,,,,,,,,,,,,,,,,,,,,,,,,,,,,
Nick Hein,Judo,,,1,,,,,,,,,,,,,,,,,,,,,,,,,,,,,
Ian Heinisch,Wrestling,1,,,,,,,,,,,,,,,,,,,,,,,,,,,,,,,
Marcin Held,Wrestling,0.33,,,,,,,,,,,,,,,,,,,,,,,,,,,,,,,
Benson Henderson,TKD,,,,,,,,,3.67,,X,,,,,,,3.67,,,,,,,,,,3.67,,,,
Dan Henderson,Wrestling,1,,,,,,,,,,X,1,,,,,,,,,,,1,,,,,,,,,
Johny Hendricks,Wrestling,1.63,,,,,,,,,,X,1.63,,,,,,,,,,,1.63,,,,,,,,,
Luis Henrique,Freestyle,,,,0.5,,,,,,,,,,,,,,,,,,,,,,,,,,,,
Danny Henry,Freestyle,,,,1,,,,,,,,,,,,,,,,,,,,,,,,,,,,
Jai Herbert,Freestyle,,,,0.3,,,,,,,,,,,,,,,,,,,,,,,,,,,,
Dave Herman,Wrestling,0.25,,,,,,,,,,,,,,,,,,,,,,,,,,,,,,,
Ed Herman,Wrestling,1.18,,,,,,,,,,,,,,,,,,,,,,,,,,,,,,,
Jack Hermansson,Wrestling,1.8,,,,,,,,,,,,,,,,,,,,,,,,,,,,,,,
Alexander Hernandez,Wrestling,1.25,,,,,,,,,,,,,,,,,,,,,,,,,,,,,,,
Anthony Hernandez,Wrestling,1,,,,,,,,,,,,,,,,,,,,,,,,,,,,,,,
Álvaro Herrera,Freestyle,,,,0.33,,,,,,,,,,,,,,,,,,,,,,,,,,,,
Geane Herrera,Freestyle,,,,0.33,,,,,,,,,,,,,,,,,,,,,,,,,,,,
Heath Herring,Wrestling,0.4,,,,,,,,,,,,,,,,,,,,,,,,,,,,,,,
Jon Hess,Kung Fu,,,,,,,,,,1,,,,,,,,,,,,,,,,,,,,,,
Clint Hester,Boxing,,,,,,,,1.33,,,,,,,,,,,,,,,,,,,,,,,,
Jimy Hettes,Judo,,,1,,,,,,,,,,,,,,,,,,,,,,,,,,,,,
Jay Hieron,Wrestling,0,,,,,,,,,,,,,,,,,,,,,,,,,,,,,,,
Jason High,Wrestling,0.67,,,,,,,,,,,,,,,,,,,,,,,,,,,,,,,
Corey Hill,Wrestling,0.5,,,,,,,,,,,,,,,,,,,,,,,,,,,,,,,
Jamahal Hill,Freestyle,,,,6,,,,,,,,,,,,,,,,,,,,,,,,,,,,
Branden Lee Hinkle,Wrestling,0.5,,,,,,,,,,,,,,,,,,,,,,,,,,,,,,,
Hatsu Hioki,BJJ,,0.6,,,,,,,,,,,,,,,,,,,,,,,,,,,,,,
Kuniyoshi Hironaka,Freestyle,,,,0.33,,,,,,,,,,,,,,,,,,,,,,,,,,,,
Mizuto Hirota,Boxing,,,,,,,,0.2,,,,,,,,,,,,,,,,,,,,,,,,
Matt Hobar,Freestyle,,,,1,,,,,,,,,,,,,,,,,,,,,,,,,,,,
Bobby Hoffman,Wrestling,0,,,,,,,,,,,,,,,,,,,,,,,,,,,,,,,
Sam Hoger,BJJ,,0.67,,,,,,,,,,,,,,,,,,,,,,,,,,,,,,
Andrew Holbrook,Wrestling,0.67,,,,,,,,,,,,,,,,,,,,,,,,,,,,,,,
Chris Holdsworth,BJJ,,2,,,,,,,,,,,,,,,,,,,,,,,,,,,,,,
Kevin Holland,Freestyle,,,,2.5,,,,,,,,,,,,,,,,,,,,,,,,,,,,
Roger Hollett,Kickboxing,,,,,,,0,,,,,,,,,,,,,,,,,,,,,,,,,
Max Holloway,Boxing,,,,,,,,3.17,,,X,,,,3.17,,,,,,,,,,,3.17,,,,,,
Kurt Holobaugh,Freestyle,,,,0,,,,,,,,,,,,,,,,,,,,,,,,,,,,
Patrick Holohan,Freestyle,,,,1.5,,,,,,,,,,,,,,,,,,,,,,,,,,,,
Mark Holst,Freestyle,,,,0,,,,,,,,,,,,,,,,,,,,,,,,,,,,
Scott Holtsman,Freestyle,,,,1.4,,,,,,,,,,,,,,,,,,,,,,,,,,,,
Sabah Homasi,Freestyle,,,,0,,,,,,,,,,,,,,,,,,,,,,,,,,,,
Mark Hominick,Freestyle,,,,0.75,,,,,,,,,,,,,,,,,,,,,,,,,,,,
Satoshi Honma,Karate,,,,,,0,,,,,,,,,,,,,,,,,,,,,,,,,,
Dan Hooker,Kickboxing,,,,,,,1.38,,,,,,,,,,,,,,,,,,,,,,,,,
Chase Hooper,Freestyle,,,,1.5,,,,,,,,,,,,,,,,,,,,,,,,,,,,
Darrell Horcher,Wrestling,0.33,,,,,,,,,,,,,,,,,,,,,,,,,,,,,,,
Kyoji Horiguchi,Karate,,,,,,7,,,,,,,,,,,,,,,,,,,,,,,,,,
Jeremy Horn,Freestyle,,,,0.86,,,,,,,,,,,,,,,,,,,,,,,,,,,,
Matt Horwich,BJJ,,0,,,,,,,,,,,,,,,,,,,,,,,,,,,,,,
Jeff Hougland,Freestyle,,,,0.5,,,,,,,,,,,,,,,,,,,,,,,,,,,,
Harold Howard,Karate,,,,,,0.5,,,,,,,,,,,,,,,,,,,,,,,,,,
John Howard,Wrestling,1,,,,,,,,,,,,,,,,,,,,,,,,,,,,,,,
Shane Howell,Freestyle,,,,0,,,,,,,,,,,,,,,,,,,,,,,,,,,,
Austin Hubbard,Wrestling,0.75,,,,,,,,,,,,,,,,,,,,,,,,,,,,,,,
Roger Huerta,Wrestling,3,,,,,,,,,,,,,,,,,,,,,,,,,,,,,,,
Jeff Hughes,Wrestling,0.33,,,,,,,,,,,,,,,,,,,,,,,,,,,,,,,
Mark Hughes,Freestyle,,,,1,,,,,,,,,,,,,,,,,,,,,,,,,,,,
Matt Hughes,Wrestling,2.57,,,,,,,,,,X,2.57,,,,,,,,,,,2.57,,,,,,,,,
Mark Hunt,Muay Thai,,,,,1,,,,,,,,,,,,,,,,,,,,,,,,,,,
Solomon Hutcherson,Wrestling,0,,,,,,,,,,,,,,,,,,,,,,,,,,,,,,,
Al Iaquinta,Wrestling,1.5,,,,,,,,,,,,,,,,,,,,,,,,,,,,,,,
Khadis Ibragimov,Wrestling,0,,,,,,,,,,,,,,,,,,,,,,,,,,,,,,,
Dan Ige,Freestyle,,,,2,,,,,,,,,,,,,,,,,,,,,,,,,,,,
Fabiano Iha,BJJ,,0.75,,,,,,,,,,,,,,,,,,,,,,,,,,,,,,
Nassourdine Imavov,Boxing,,,,,,,,3,,,,,,,,,,,,,,,,,,,,,,,,
Brad Imes,Wrestling,0,,,,,,,,,,,,,,,,,,,,,,,,,,,,,,,
Guto Inocente,Kickboxing,,,,,,,0,,,,,,,,,,,,,,,,,,,,,,,,,
Enson Inoue,TKD,,,,,,,,,1,,,,,,,,,,,,,,,,,,,,,,,
Naoki Inoue,Freestyle,,,,1,,,,,,,,,,,,,,,,,,,,,,,,,,,,
James Irvin,BJJ,,0.75,,,,,,,,,,,,,,,,,,,,,,,,,,,,,,
Damir Ismagulov,Freestyle,,,,4,,,,,,,,,,,,,,,,,,,,,,,,,,,,
Wallid Ismail,BJJ,,0,,,,,,,,,,,,,,,,,,,,,,,,,,,,,,
Leandro Issa,BJJ,,0.67,,,,,,,,,,,,,,,,,,,,,,,,,,,,,,
Yves Jabouin,Freestyle,,,,1,,,,,,,,,,,,,,,,,,,,,,,,,,,,
Damon Jackson,Wrestling,1,,,,,,,,,,,,,,,,,,,,,,,,,,,,,,,
Jeremy Jackson,Freestyle,,,,0,,,,,,,,,,,,,,,,,,,,,,,,,,,,
Kevin Jackson,Wrestling,1,,,,,,,,,,,,,,,,,,,,,,,,,,,,,,,
Montel Jackson,Wrestling,3,,,,,,,,,,,,,,,,,,,,,,,,,,,,,,,
Quinton Jackson,Wrestling,1.6,,,,,,,,,,X,1.6,,,,,,,,,,,1.6,,,,,,,,,
Dustin Jacoby,TKD,,,,,,,,,1.67,,,,,,,,,,,,,,,,,,,,,,,
Mason James,Kickboxing,,,,,,,1,,,,,,,,,,,,,,,,,,,,,,,,,
Ryan Janes,Freestyle,,,,1,,,,,,,,,,,,,,,,,,,,,,,,,,,,
Keith Jardine,Wrestling,0.86,,,,,,,,,,,,,,,,,,,,,,,,,,,,,,,
Justin Jaynes,Wrestling,0.25,,,,,,,,,,,,,,,,,,,,,,,,,,,,,,,
Steve Jennum,Kung Fu,,,,,,,,,,2,,,,,,,,,,,,,,,,,,,,,,
Ryan Jensen,Freestyle,,,,0.33,,,,,,,,,,,,,,,,,,,,,,,,,,,,
Maciej Jewtuszko,Freestyle,,,,0,,,,,,,,,,,,,,,,,,,,,,,,,,,,
Ronald Jhun,Wrestling,0,,,,,,,,,,,,,,,,,,,,,,,,,,,,,,,
Ryan Jimmo,Karate,,,,,,0.75,,,,,,,,,,,,,,,,,,,,,,,,,,
Li Jingliang,Wrestling,2,,,,,,,,,,,,,,,,,,,,,,,,,,,,,,,
Brett Johns,Judo,,,2.5,,,,,,,,,,,,,,,,,,,,,,,,,,,,,
Miles Johns,Wrestling,2,,,,,,,,,,,,,,,,,,,,,,,,,,,,,,,
Anthony Johnson,Wrestling,2,,,,,,,,,,,,,,,,,,,,,,,,,,,,,,,
DaMarques Johnson,Wrestling,0.67,,,,,,,,,,,,,,,,,,,,,,,,,,,,,,,
Demetrious Johnson,Wrestling,5,,,,,,,,,,X,5,,,,,,,,,,,5,,,,,,,,,
Jordan Johnson,Wrestling,4,,,,,,,,,,,,,,,,,,,,,,,,,,,,,,,
Kajan Johnson,Freestyle,,,,1.33,,,,,,,,,,,,,,,,,,,,,,,,,,,,
Lavar Johnson,Freestyle,,,,1,,,,,,,,,,,,,,,,,,,,,,,,,,,,
Michael Johnson,Wrestling,0.85,,,,,,,,,,,,,,,,,,,,,,,,,,,,,,,
Timothy Johnson,Wrestling,1.33,,,,,,,,,,,,,,,,,,,,,,,,,,,,,,,
Brian Johnston,Freestyle,,,,0.5,,,,,,,,,,,,,,,,,,,,,,,,,,,,
Jon Jones,Wrestling,20,,,,,,,,,,X,20,,,,,,,,,,,20,,,,,,,,,
Paul Jones,Freestyle,,,,1,,,,,,,,,,,,,,,,,,,,,,,,,,,,
Trevin Jones,Freestyle,,,,1,,,,,,,,,,,,,,,,,,,,,,,,,,,,
Kevin Jordan,Freestyle,,,,0,,,,,,,,,,,,,,,,,,,,,,,,,,,,
Shawn Jordan,Wrestling,1.5,,,,,,,,,,,,,,,,,,,,,,,,,,,,,,,
Ivan Jorge,Freestyle,,,,1,,,,,,,,,,,,,,,,,,,,,,,,,,,,
Scott Jorgensen,Wrestling,0.38,,,,,,,,,,,,,,,,,,,,,,,,,,,,,,,
Krzysztof Jotko,Freestyle,,,,2,,,,,,,,,,,,,,,,,,,,,,,,,,,,
Alan Jouban,Muay Thai,,,,,1.6,,,,,,,,,,,,,,,,,,,,,,,,,,,
Charles Jourdain,Freestyle,,,,0.75,,,,,,,,,,,,,,,,,,,,,,,,,,,,
Luke Jumeau,TKD,,,,,,,,,1,,,,,,,,,,,,,,,,,,,,,,,
Chan Sung Jung,Kickboxing,,,,,,,2.33,,,,,,,,,,,,,,,,,,,,,,,,,
Da Un Jung,Freestyle,,,,4,,,,,,,,,,,,,,,,,,,,,,,,,,,,
Myles Jury,Wrestling,1.75,,,,,,,,,,,,,,,,,,,,,,,,,,,,,,,
Kai Kamaka III,Wrestling,0.33,,,,,,,,,,,,,,,,,,,,,,,,,,,,,,,
Martin Kampmann,Wrestling,1.83,,,,,,,,,,,,,,,,,,,,,,,,,,,,,,,
Masanori Kanehara,Freestyle,,,,0.5,,,,,,,,,,,,,,,,,,,,,,,,,,,,
Denis Kang,BJJ,,0.5,,,,,,,,,,,,,,,,,,,,,,,,,,,,,,
Kyung Ho Kang,Freestyle,,,,1.5,,,,,,,,,,,,,,,,,,,,,,,,,,,,
Manel Kape,Muay Thai,,,,,1,,,,,,,,,,,,,,,,,,,,,,,,,,,
Kai Kara-France,Freestyle,,,,3,,,,,,,,,,,,,,,,,,,,,,,,,,,,
Alex Karalexis,Wrestling,0.5,,,,,,,,,,,,,,,,,,,,,,,,,,,,,,,
Impa Kasanganay,Freestyle,,,,2,,,,,,,,,,,,,,,,,,,,,,,,,,,,
Brad Katona,Freestyle,,,,1,,,,,,,,,,,,,,,,,,,,,,,,,,,,
Calvin Kattar,Wrestling,2.33,,,,,,,,,,,,,,,,,,,,,,,,,,,,,,,
Tatsuya Kawajiri,Kickboxing,,,,,,,1,,,,,,,,,,,,,,,,,,,,,,,,,
Chris Kelades,BJJ,,1,,,,,,,,,,,,,,,,,,,,,,,,,,,,,,
Brian Kelleher,Freestyle,,,,1.33,,,,,,,,,,,,,,,,,,,,,,,,,,,,
Tony Kelley,BJJ,,2,,,,,,,,,,,,,,,,,,,,,,,,,,,,,,
Daniel Kelly,Judo,,,1.5,,,,,,,,,,,,,,,,,,,,,,,,,,,,,
Paul Kelly,Boxing,,,,,,,,1.25,,,,,,,,,,,,,,,,,,,,,,,,
Song Kenan,Kung Fu,,,,,,,,,,2,,,,,,,,,,,,,,,,,,,,,,
Tim Kennedy,Freestyle,,,,1.5,,,,,,,,,,,,,,,,,,,,,,,,,,,,
Casey Kenney,Judo,,,1.5,,,,,,,,,,,,,,,,,,,,,,,,,,,,,
Mark Kerr,Wrestling,4,,,,,,,,,,X,4,,,,,,,,,,,4,,,,,,,,,
Rustam Khabilov,Wrestling,3.33,,,,,,,,,,,,,,,,,,,,,,,,,,,,,,,
Katsunori Kikuno,Judo,,,0.67,,,,,,,,,,,,,,,,,,,,,,,,,,,,,
Sanae Kikuta,Judo,,,1,,,,,,,,,,,,,,,,,,,,,,,,,,,,,
Dong Hyun Kim,Judo,,,3.25,,,,,,,,,,,,,,,,,,,,,,,,,,,,,
Dong Hyun Kim,Judo,,,0.6,,,,,,,,,,,,,,,,,,,,,,,,,,,,,
Jeremy Kimball,Freestyle,,,,0.33,,,,,,,,,,,,,,,,,,,,,,,,,,,,
Rob Kimmons,Wrestling,0.75,,,,,,,,,,,,,,,,,,,,,,,,,,,,,,,
Dustin Kimura,Freestyle,,,,0.67,,,,,,,,,,,,,,,,,,,,,,,,,,,,
Kyle Kingsbury,Freestyle,,,,0.8,,,,,,,,,,,,,,,,,,,,,,,,,,,,
Ľudovít Klein,Freestyle,,,,1,,,,,,,,,,,,,,,,,,,,,,,,,,,,
Drakkar Klose,Wrestling,2.5,,,,,,,,,,,,,,,,,,,,,,,,,,,,,,,
Jason Knight,Freestyle,,,,0.8,,,,,,,,,,,,,,,,,,,,,,,,,,,,
William Knight,Wrestling,2.5,,,,,,,,,,,,,,,,,,,,,,,,,,,,,,,
Erik Koch,Freestyle,,,,1,,,,,,,,,,,,,,,,,,,,,,,,,,,,
Brad Kohler,Wrestling,1,,,,,,,,,,,,,,,,,,,,,,,,,,,,,,,
John Kolosci,Freestyle,,,,0,,,,,,,,,,,,,,,,,,,,,,,,,,,,
Yuki Kondo,Karate,,,,,,0.5,,,,,,,,,,,,,,,,,,,,,,,,,,
Cheick Kongo,Karate,,,,,,1.57,,,,,,,,,,,,,,,,,,,,,,,,,,
Jonathan Koppenhaver,Freestyle,,,,1,,,,,,,,,,,,,,,,,,,,,,,,,,,,
Tsuyoshi Kosaka,Judo,,,0.67,,,,,,,,,,,,,,,,,,,,,,,,,,,,,
Josh Koscheck,Wrestling,1.5,,,,,,,,,,,,,,,,,,,,,,,,,,,,,,,
Naoyuki Kotani,Freestyle,,,,0,,,,,,,,,,,,,,,,,,,,,,,,,,,,
Derrick Krantz,Kung Fu,,,,,,,,,,0,,,,,,,,,,,,,,,,,,,,,,
James Krause,BJJ,,2.25,,,,,,,,,,,,,,,,,,,,,,,,,,,,,,
Pascal Krauss,Judo,,,1,,,,,,,,,,,,,,,,,,,,,,,,,,,,,
Nikita Krylov,Karate,,,,,,1.14,,,,,,,,,,,,,,,,,,,,,,,,,,
Michael Kuiper,Judo,,,0.33,,,,,,,,,,,,,,,,,,,,,,,,,,,,,
Anton Kuivanen,Freestyle,,,,0.5,,,,,,,,,,,,,,,,,,,,,,,,,,,,
Kiichi Kunimoto,Freestyle,,,,1.5,,,,,,,,,,,,,,,,,,,,,,,,,,,,
Mike Kyle,Freestyle,,,,2,,,,,,,,,,,,,,,,,,,,,,,,,,,,
Ryan LaFlare,Wrestling,2.33,,,,,,,,,,,,,,,,,,,,,,,,,,,,,,,
Tim Lajcik,Freestyle,,,,0,,,,,,,,,,,,,,,,,,,,,,,,,,,,
Ricardo Lamas,Wrestling,1.83,,,,,,,,,,,,,,,,,,,,,,,,,,,,,,,
Jason Lambert,Freestyle,,,,1,,,,,,,,,,,,,,,,,,,,,,,,,,,,
Nate Landwehr,Wrestling,1,,,,,,,,,,,,,,,,,,,,,,,,,,,,,,,
Austen Lane,Freestyle,,,,0,,,,,,,,,,,,,,,,,,,,,,,,,,,,
Chad Laprise,Freestyle,,,,1.5,,,,,,,,,,,,,,,,,,,,,,,,,,,,
Anthony Lapsley,Wrestling,0,,,,,,,,,,,,,,,,,,,,,,,,,,,,,,,
Lorenz Larkin,Kickboxing,,,,,,,1,,,,,,,,,,,,,,,,,,,,,,,,,
Jeremy Larsen,Freestyle,,,,0,,,,,,,,,,,,,,,,,,,,,,,,,,,,
Brock Larson,Wrestling,1,,,,,,,,,,,,,,,,,,,,,,,,,,,,,,,
Ilir Latifi,Wrestling,1.33,,,,,,,,,,,,,,,,,,,,,,,,,,,,,,,
Jenel Lausa,Freestyle,,,,0.33,,,,,,,,,,,,,,,,,,,,,,,,,,,,
Dan Lauzon,Freestyle,,,,0,,,,,,,,,,,,,,,,,,,,,,,,,,,,
Joe Lauzon,Freestyle,,,,1.25,,,,,,,,,,,,,,,,,,,,,,,,,,,,
Robbie Lawler,Boxing,,,,,,,,1.56,,,X,,,,1.56,,,,,,,,,,,,,,1.56,,,
Tom Lawlor,Wrestling,1.2,,,,,,,,,,,,,,,,,,,,,,,,,,,,,,,
Justin Lawrence,Karate,,,,,,0.5,,,,,,,,,,,,,,,,,,,,,,,,,,
Cung Le,Kung Fu,,,,,,,,,,1,,,,,,,,,,,,,,,,,,,,,,
Jordan Leavitt,Wrestling,3,,,,,,,,,,,,,,,,,,,,,,,,,,,,,,,
Chris Leben,Freestyle,,,,1.2,,,,,,,,,,,,,,,,,,,,,,,,,,,,
Mickaël Lebout,Freestyle,,,,0.5,,,,,,,,,,,,,,,,,,,,,,,,,,,,
Justin Ledet,Freestyle,,,,0.75,,,,,,,,,,,,,,,,,,,,,,,,,,,,
Kevin Lee,Wrestling,1.71,,,,,,,,,,,,,,,,,,,,,,,,,,,,,,,
Vaughan Lee,Freestyle,,,,0.6,,,,,,,,,,,,,,,,,,,,,,,,,,,,
Thales Leites,BJJ,,1.63,,,,,,,,,,,,,,,,,,,,,,,,,,,,,,
Jesse Lennox,Freestyle,,,,0.5,,,,,,,,,,,,,,,,,,,,,,,,,,,,
Nik Lentz,Wrestling,1.4,,,,,,,,,,,,,,,,,,,,,,,,,,,,,,,
Kimo Leopoldo,TKD,,,,,,,,,0.25,,,,,,,,,,,,,,,,,,,,,,,
Brock Lesnar,Wrestling,1.33,,,,,,,,,,X,1.33,,,,,,,,,,,1.33,,,,,,,,,
Justin Levens,Freestyle,,,,0,,,,,,,,,,,,,,,,,,,,,,,,,,,,
Marcus LeVesseur,Wrestling,0.5,,,,,,,,,,,,,,,,,,,,,,,,,,,,,,,
Derrick Lewis,Boxing,,,,,,,,2.43,,,,,,,,,,,,,,,,,,,,,,,,
Jingliang Li ,Kung Fu,,,,,,,,,,2,,,,,,,,,,,,,,,,,,,,,,
Jess Liaudin,Muay Thai,,,,,0.67,,,,,,,,,,,,,,,,,,,,,,,,,,,
Chuck Liddell,Karate,,,,,,2.29,,,,,X,,,2.29,,,,,,,,,,,,,,,2.29,,,
Zach Light,Wrestling,0,,,,,,,,,,,,,,,,,,,,,,,,,,,,,,,
Hyun Gyu Lim,Freestyle,,,,0.75,,,,,,,,,,,,,,,,,,,,,,,,,,,,
Dhiego Lima,Freestyle,,,,0.57,,,,,,,,,,,,,,,,,,,,,,,,,,,,
Matt Lindland,Wrestling,3,,,,,,,,,,,,,,,,,,,,,,,,,,,,,,,
Jake Lindsey,Freestyle,,,,0,,,,,,,,,,,,,,,,,,,,,,,,,,,,
John Lineker,Boxing,,,,,,,,3,,,,,,,,,,,,,,,,,,,,,,,,
Austin Lingo,Muay Thai,,,,,2,,,,,,,,,,,,,,,,,,,,,,,,,,,
Philipe Lins,Freestyle,,,,0,,,,,,,,,,,,,,,,,,,,,,,,,,,,
Dean Lister,BJJ,,1.5,,,,,,,,,,,,,,,,,,,,,,,,,,,,,,
John Lober,Freestyle,,,,0,,,,,,,,,,,,,,,,,,,,,,,,,,,,
David Loiseau,TKD,,,,,,,,,0.8,,,,,,,,,,,,,,,,,,,,,,,
Hector Lombard,Judo,,,0.38,,,,,,,,,,,,,,,,,,,,,,,,,,,,,
Benito Lopez,Freestyle,,,,3,,,,,,,,,,,,,,,,,,,,,,,,,,,,
Gustavo Lopez,Wrestling,0.5,,,,,,,,,,,,,,,,,,,,,,,,,,,,,,,
Matthew Lopez,Wrestling,0.5,,,,,,,,,,,,,,,,,,,,,,,,,,,,,,,
Nate Loughran,Freestyle,,,,1,,,,,,,,,,,,,,,,,,,,,,,,,,,,
Ian Loveland,Freestyle,,,,0.5,,,,,,,,,,,,,,,,,,,,,,,,,,,,
Waylon Lowe,Wrestling,1,,,,,,,,,,,,,,,,,,,,,,,,,,,,,,,
Duane Ludwig,Muay Thai,,,,,0.8,,,,,,,,,,,,,,,,,,,,,,,,,,,
Dalcha Lungiambula,Judo,,,0.67,,,,,,,,,,,,,,,,,,,,,,,,,,,,,
Travis Lutter,Wrestling,0.5,,,,,,,,,,,,,,,,,,,,,,,,,,,,,,,
Vicente Luque,Freestyle,,,,4.67,,,,,,,,,,,,,,,,,,,,,,,,,,,,
Chris Lytle,Wrestling,1,,,,,,,,,,,,,,,,,,,,,,,,,,,,,,,
William Macário,Muay Thai,,,,,0.33,,,,,,,,,,,,,,,,,,,,,,,,,,,
Jason MacDonald,BJJ,,0.75,,,,,,,,,,,,,,,,,,,,,,,,,,,,,,
Rob MacDonald,Wrestling,0.5,,,,,,,,,,,,,,,,,,,,,,,,,,,,,,,
Rory MacDonald,Freestyle,,,,2.25,,,,,,,,,,,,,,,,,,,,,,,,,,,,
Lyoto Machida,Karate,,,,,,2,,,,,X,,,2,,,,,,,,,,,,,,,2,,,
Anthony Macias,Freestyle,,,,0.5,,,,,,,,,,,,,,,,,,,,,,,,,,,,
Reza Madadi,Wrestling,0.75,,,,,,,,,,,,,,,,,,,,,,,,,,,,,,,
Jon Madsen,Wrestling,4,,,,,,,,,,,,,,,,,,,,,,,,,,,,,,,
Mark Madsen,Wrestling,3,,,,,,,,,,,,,,,,,,,,,,,,,,,,,,,
Leonardo Mafra,Freestyle,,,,0.33,,,,,,,,,,,,,,,,,,,,,,,,,,,,
Caio Magalhães,Freestyle,,,,1.33,,,,,,,,,,,,,,,,,,,,,,,,,,,,
Vinny Magalhães,BJJ,,0.25,,,,,,,,,,,,,,,,,,,,,,,,,,,,,,
Neil Magny,Wrestling,2.57,,,,,,,,,,,,,,,,,,,,,,,,,,,,,,,
Rashid Magomedov,Boxing,,,,,,,,5,,,,,,,,,,,,,,,,,,,,,,,,
Ruslan Magomedov,Freestyle,,,,3,,,,,,,,,,,,,,,,,,,,,,,,,,,,
Zabit Magomedsharipov,Wrestling,6,,,,,,,,,,,,,,,,,,,,,,,,,,,,,,,
John Maguire,Freestyle,,,,0.67,,,,,,,,,,,,,,,,,,,,,,,,,,,,
Demian Maia,BJJ,,2,,,,,,,,,,,,,,,,,,,,,,,,,,,,,,
John Makdessi,Karate,,,,,,1.57,,,,,,,,,,,,,,,,,,,,,,,,,,
Islam Makhachev,Wrestling,11,,,,,,,,,,,,,,,,,,,,,,,,,,,,,,,
Zach Makovsky,Wrestling,0.75,,,,,,,,,,,,,,,,,,,,,,,,,,,,,,,
Fábio Maldonado,Freestyle,,,,0.83,,,,,,,,,,,,,,,,,,,,,,,,,,,,
Jacob Malkoun,Boxing,,,,,,,,2,,,,,,,,,,,,,,,,,,,,,,,,
Nate Maness,Freestyle,,,,3,,,,,,,,,,,,,,,,,,,,,,,,,,,,
Jimi Manuwa,Freestyle,,,,1,,,,,,,,,,,,,,,,,,,,,,,,,,,,
Cristiano Marcello,BJJ,,0.33,,,,,,,,,,,,,,,,,,,,,,,,,,,,,,
Ronny Markes,Freestyle,,,,1.5,,,,,,,,,,,,,,,,,,,,,,,,,,,,
Rory Markham,Karate,,,,,,0.5,,,,,,,,,,,,,,,,,,,,,,,,,,
Roque Martinez,Freestyle,,,,0,,,,,,,,,,,,,,,,,,,,,,,,,,,,
Nate Marquardt,Freestyle,,,,1.08,,,,,,,,,,,,,,,,,,,,,,,,,,,,
Carmelo Marrero,Wrestling,0.33,,,,,,,,,,,,,,,,,,,,,,,,,,,,,,,
Eliot Marshall,TKD,,,,,,,,,1,,,,,,,,,,,,,,,,,,,,,,,
Jack Marshman,Freestyle,,,,0.6,,,,,,,,,,,,,,,,,,,,,,,,,,,,
Terry Martin,Wrestling,0.67,,,,,,,,,,,,,,,,,,,,,,,,,,,,,,,
Tony Martin,BJJ,,1.5,,,,,,,,,,,,,,,,,,,,,,,,,,,,,,
Danny Martinez,Wrestling,0.33,,,,,,,,,,,,,,,,,,,,,,,,,,,,,,,
Henry Martinez,Freestyle,,,,0.5,,,,,,,,,,,,,,,,,,,,,,,,,,,,
Jonathan Martinez,Freestyle,,,,2,,,,,,,,,,,,,,,,,,,,,,,,,,,,
Adriano Martins,Judo,,,1.33,,,,,,,,,,,,,,,,,,,,,,,,,,,,,
Lucas Martins,Muay Thai,,,,,1.33,,,,,,,,,,,,,,,,,,,,,,,,,,,
Bristol Marunde,Freestyle,,,,0,,,,,,,,,,,,,,,,,,,,,,,,,,,,
Danilo Marques,Boxing,,,,,,,,1,,,,,,,,,,,,,,,,,,,,,,,,
Julian Marquez,Wrestling,4,,,,,,,,,,,,,,,,,,,,,,,,,,,,,,,
Mike Massenzio,Wrestling,0.4,,,,,,,,,,,,,,,,,,,,,,,,,,,,,,,
Jorge Masvidal,Karate,,,,,,1.33,,,,,,,,,,,,,,,,,,,,,,,,,,
Jake Matthews,Freestyle,,,,2,,,,,,,,,,,,,,,,,,,,,,,,,,,,
Vladimir Matyushenko,Wrestling,1.4,,,,,,,,,,,,,,,,,,,,,,,,,,,,,,,
Don'Tale Mayes,Judo,,,1.33,,,,,,,,,,,,,,,,,,,,,,,,,,,,,
Gray Maynard,Wrestling,1.22,,,,,,,,,,,,,,,,,,,,,,,,,,,,,,,
Michael McBride,Freestyle,,,,0,,,,,,,,,,,,,,,,,,,,,,,,,,,,
Ian McCall,Kung Fu,,,,,,,,,,0.33,,,,,,,,,,,,,,,,,,,,,,
Charles McCarthy,BJJ,,0.5,,,,,,,,,,,,,,,,,,,,,,,,,,,,,,
Sean McCorkle,BJJ,,0.5,,,,,,,,,,,,,,,,,,,,,,,,,,,,,,
Kris McCray,Wrestling,0,,,,,,,,,,,,,,,,,,,,,,,,,,,,,,,
Tamdan McCrory,Wrestling,0.8,,,,,,,,,,,,,,,,,,,,,,,,,,,,,,,
Justin McCully,Freestyle,,,,1,,,,,,,,,,,,,,,,,,,,,,,,,,,,
Robert McDaniel,Freestyle,,,,0.5,,,,,,,,,,,,,,,,,,,,,,,,,,,,
Michael McDonald,Kickboxing,,,,,,,2,,,,,,,,,,,,,,,,,,,,,,,,,
Drew McFedries,Freestyle,,,,0.8,,,,,,,,,,,,,,,,,,,,,,,,,,,,
Court McGee,Wrestling,w.ww,,,,,,,,,,,,,,,,,,,,,,,,,,,,,,,
Gan McGee ,Wrestling,1,,,,,,,,,,,,,,,,,,,,,,,,,,,,,,,
Conor McGregor,Boxing,,,,,,,,2.5,,,X,,,,2.5,,,,,,,,,,2.5,,,,,,,
Antonio McKee,Freestyle,,,,0,,,,,,,,,,,,,,,,,,,,,,,,,,,,
Cody McKenzie,Freestyle,,,,0.75,,,,,,,,,,,,,,,,,,,,,,,,,,,,
Tim McKenzie,Freestyle,,,,0,,,,,,,,,,,,,,,,,,,,,,,,,,,,
Terrance McKinney,Wrestling,0.5,,,,,,,,,,,,,,,,,,,,,,,,,,,,,,,
Garreth McLellan,Karate,,,,,,0.2,,,,,,,,,,,,,,,,,,,,,,,,,,
James McSweeney,Kickboxing,,,,,,,1,,,,,,,,,,,,,,,,,,,,,,,,,
Tim Means,Freestyle,,,,1.56,,,,,,,,,,,,,,,,,,,,,,,,,,,,
Yancy Medeiros,Karate,,,,,,0.88,,,,,,,,,,,,,,,,,,,,,,,,,,
Emil Meek,Freestyle,,,,0.33,,,,,,,,,,,,,,,,,,,,,,,,,,,,
Gerald Meerschaert,Freestyle,,,,1.5,,,,,,,,,,,,,,,,,,,,,,,,,,,,
Jordan Mein,Kickboxing,,,,,,,1.25,,,,,,,,,,,,,,,,,,,,,,,,,
Brian Melancon,Freestyle,,,,1,,,,,,,,,,,,,,,,,,,,,,,,,,,,
Gilbert Melendez,Wrestling,0.17,,,,,,,,,,,,,,,,,,,,,,,,,,,,,,,
Chad Mendes,Wrestling,1.8,,,,,,,,,,,,,,,,,,,,,,,,,,,,,,,
Alonzo Menifield,Freestyle,,,,1.67,,,,,,,,,,,,,,,,,,,,,,,,,,,,
Ivan Menjivar,BJJ,,0.8,,,,,,,,,,,,,,,,,,,,,,,,,,,,,,
Dave Menne,Wrestling,0.5,,,,,,,,,,X,0.5,,,,,,,,,,,0.5,,,,,,,,,
Yaotzin Meza,Wrestling,0.4,,,,,,,,,,,,,,,,,,,,,,,,,,,,,,,
Guy Mezger,TKD,,,,,,,,,4,,,,,,,,,,,,,,,,,,,,,,,
Andreas Michailidis,Freestyle,,,,0.5,,,,,,,,,,,,,,,,,,,,,,,,,,,,
David Michaud,Wrestling,0.5,,,,,,,,,,,,,,,,,,,,,,,,,,,,,,,
Bojan Mihajlović,Freestyle,,,,0,,,,,,,,,,,,,,,,,,,,,,,,,,,,
Pat Miletich,Wrestling,4,,,,,,,,,,X,4,,,,,,,,,,,4,,,,,,,,,
Curtis Millender,Freestyle,,,,1.5,,,,,,,,,,,,,,,,,,,,,,,,,,,,
Cole Miller,Freestyle,,,,1.11,,,,,,,,,,,,,,,,,,,,,,,,,,,,
Dan Miller,Wrestling,0.86,,,,,,,,,,,,,,,,,,,,,,,,,,,,,,,
Jason Miller,Wrestling,0,,,,,,,,,,,,,,,,,,,,,,,,,,,,,,,
Jim Miller,Wrestling,1.44,,,,,,,,,,,,,,,,,,,,,,,,,,,,,,,
Che Mills,Freestyle,,,,1,,,,,,,,,,,,,,,,,,,,,,,,,,,,
Adam Milstead,Wrestling,0.33,,,,,,,,,,,,,,,,,,,,,,,,,,,,,,,
Alberto Mina,Judo,,,3,,,,,,,,,,,,,,,,,,,,,,,,,,,,,
Darrick Minner,Wrestling,0.5,,,,,,,,,,,,,,,,,,,,,,,,,,,,,,,
Stipe Miocic,Wrestling,3.5,,,,,,,,,,X,3.5,,,,,,,,,,,3.5,,,,,,,,,
Frank Mir,Karate,,,,,,1.45,,,,,X,,,1.45,,,,,,,,,,,,,,,1.45,,,
Mario Miranda,Freestyle,,,,0.33,,,,,,,,,,,,,,,,,,,,,,,,,,,,
Vitor Miranda,Muay Thai,,,,,0.75,,,,,,,,,,,,,,,,,,,,,,,,,,,
Dokonjonosuke Mishima,Freestyle,,,,0,,,,,,,,,,,,,,,,,,,,,,,,,,,,
Bryce Mitchell,Wrestling,6,,,,,,,,,,,,,,,,,,,,,,,,,,,,,,,
David Mitchell,Freestyle,,,,0.25,,,,,,,,,,,,,,,,,,,,,,,,,,,,
Felix Mitchell,Freestyle,,,,0,,,,,,,,,,,,,,,,,,,,,,,,,,,,
Matt Mitrione,Karate,,,,,,1.8,,,,,,,,,,,,,,,,,,,,,,,,,,
Eiji Mitsuoka,Freestyle,,,,0,,,,,,,,,,,,,,,,,,,,,,,,,,,,
Bobby Moffet,Freestyle,,,,0.33,,,,,,,,,,,,,,,,,,,,,,,,,,,,
Nate Mohr,Freestyle,,,,0.33,,,,,,,,,,,,,,,,,,,,,,,,,,,,
Renato Moicano,Judo,,,1.6,,,,,,,,,,,,,,,,,,,,,,,,,,,,,
Thiago Moisés,BJJ,,1.25,,,,,,,,,,,,,,,,,,,,,,,,,,,,,,
Ashkan Mokhtarian,Freestyle,,,,0,,,,,,,,,,,,,,,,,,,,,,,,,,,,
Jeff Monson,Wrestling,1.33,,,,,,,,,,,,,,,,,,,,,,,,,,,,,,,
Darrell Montague,Wrestling,0,,,,,,,,,,,,,,,,,,,,,,,,,,,,,,,
Augusto Montaño,Kung Fu,,,,,,,,,,0.5,,,,,,,,,,,,,,,,,,,,,,
James Moontasri,TKD,,,,,,,,,0.5,,,,,,,,,,,,,,,,,,,,,,,
Homer Moore,Wrestling,0,,,,,,,,,,,,,,,,,,,,,,,,,,,,,,,
Marlon Moraes,Muay Thai,,,,,0.83,,,,,,,,,,,,,,,,,,,,,,,,,,,
Sergio Moraes,BJJ,,1.33,,,,,,,,,,,,,,,,,,,,,,,,,,,,,,
Sheymon Moraes,Judo,,,0.67,,,,,,,,,,,,,,,,,,,,,,,,,,,,,
John Moraga,Wrestling,1.33,,,,,,,,,,,,,,,,,,,,,,,,,,,,,,,
Albert Morales,Freestyle,,,,0.2,,,,,,,,,,,,,,,,,,,,,,,,,,,,
Omar Morales,Freestyle,,,,2,,,,,,,,,,,,,,,,,,,,,,,,,,,,
Vince Morales,Wrestling,0.75,,,,,,,,,,,,,,,,,,,,,,,,,,,,,,,
Christian Morecraft,Freestyle,,,,0.33,,,,,,,,,,,,,,,,,,,,,,,,,,,,
Joe Moreira,Judo,,,1,,,,,,,,,,,,,,,,,,,,,,,,,,,,,
Vinicius Moreira,BJJ,,0.25,,,,,,,,,,,,,,,,,,,,,,,,,,,,,,
Brandon Moreno,BJJ,,1.4,,,,,,,,,X,,1.4,,,,,,,,,,,1.4,,,,,,,,
Sammy Morgan,Wrestling,0,,,,,,,,,,,,,,,,,,,,,,,,,,,,,,,
Alex Morono,Freestyle,,,,2,,,,,,,,,,,,,,,,,,,,,,,,,,,,
Sergey Morozov,Freestyle,,,,0.5,,,,,,,,,,,,,,,,,,,,,,,,,,,,
Gegard Mousasi,Boxing,,,,,,,,3,,,,,,,,,,,,,,,,,,,,,,,,
Su Mudaerji,Kickboxing,,,,,,,3,,,,,,,,,,,,,,,,,,,,,,,,,
Belal Muhammad,Freestyle,,,,3.67,,,,,,,,,,,,,,,,,,,,,,,,,,,,
Quinn Mulhern,BJJ,,0,,,,,,,,,,,,,,,,,,,,,,,,,,,,,,
Jamie Mullarkey,Freestyle,,,,0.67,,,,,,,,,,,,,,,,,,,,,,,,,,,,
Pedro Munhoz,Judo,,,1.29,,,,,,,,,,,,,,,,,,,,,,,,,,,,,
André Muniz,BJJ,,6,,,,,,,,,,,,,,,,,,,,,,,,,,,,,,
Mark Muñoz,Wrestling,1.5,,,,,,,,,,,,,,,,,,,,,,,,,,,,,,,
Mahkmud Muradov,Kickboxing,,,,,,,3,,,,,,,,,,,,,,,,,,,,,,,,,
Lerone Murphy,Boxing,,,,,,,,3,,,,,,,,,,,,,,,,,,,,,,,,
Lee Murray,Freestyle,,,,1,,,,,,,,,,,,,,,,,,,,,,,,,,,,
Nico Musoke,Freestyle,,,,1,,,,,,,,,,,,,,,,,,,,,,,,,,,,
Magomed Mustafaev,Wrestling,1.5,,,,,,,,,,,,,,,,,,,,,,,,,,,,,,,
Elvis Mutapčić,Freestyle,,,,0,,,,,,,,,,,,,,,,,,,,,,,,,,,,
Ashkan Mokhtarian,Freestyle,,,,0,,,,,,,,,,,,,,,,,,,,,,,,,,,,
Kazuhiro Nakamura ,Judo,,,0,,,,,,,,,,,,,,,,,,,,,,,,,,,,,
Keita Nakamura,Freestyle,,,,0.57,,,,,,,,,,,,,,,,,,,,,,,,,,,,
Jutaro Nakao,Judo,,,1,,,,,,,,,,,,,,,,,,,,,,,,,,,,,
Tyson Nam,Freestyle,,,,0.67,,,,,,,,,,,,,,,,,,,,,,,,,,,,
Yui Chul Nam,TKD,,,,,,,,,0.5,,,,,,,,,,,,,,,,,,,,,,,
Nad Narimani,BJJ,,1,,,,,,,,,,,,,,,,,,,,,,,,,,,,,,
Roger Narvaez,BJJ,,0.5,,,,,,,,,,,,,,,,,,,,,,,,,,,,,,
Rodrigo Nascimento,Freestyle,,,,2,,,,,,,,,,,,,,,,,,,,,,,,,,,,
Bobby Nash,Wrestling,0,,,,,,,,,,,,,,,,,,,,,,,,,,,,,,,
Rafael Natal,BJJ,,1.13,,,,,,,,,,,,,,,,,,,,,,,,,,,,,,
Ismail Naurdiev,Wrestling,1,,,,,,,,,,,,,,,,,,,,,,,,,,,,,,,
Tafon Nchukwi,Freestyle,,,,1.5,,,,,,,,,,,,,,,,,,,,,,,,,,,,
Dustin Neace,Freestyle,,,,0,,,,,,,,,,,,,,,,,,,,,,,,,,,,
Geoff Neal,Freestyle,,,,3.5,,,,,,,,,,,,,,,,,,,,,,,,,,,,
Stanislav Nedkov,Wrestling,0.5,,,,,,,,,,,,,,,,,,,,,,,,,,,,,,,
Josh Neer,Wrestling,0.67,,,,,,,,,,,,,,,,,,,,,,,,,,,,,,,
Nicolae Negumereanu,Wrestling,3,,,,,,,,,,,,,,,,,,,,,,,,,,,,,,,
Steve Nelmark,Freestyle,,,,2,,,,,,,,,,,,,,,,,,,,,,,,,,,,
Gunnar Nelson,BJJ,,1.8,,,,,,,,,,,,,,,,,,,,,,,,,,,,,,
Kyle Nelson,Freestyle,,,,0.33,,,,,,,,,,,,,,,,,,,,,,,,,,,,
Roy Nelson,Freestyle,,,,0.9,,,,,,,,,,,,,,,,,,,,,,,,,,,,
Shane Nelson,Freestyle,,,,0.5,,,,,,,,,,,,,,,,,,,,,,,,,,,,
Antonio Braga Neto,BJJ,,0.5,,,,,,,,,,,,,,,,,,,,,,,,,,,,,,
Journey Newson,BJJ,,0,,,,,,,,,,,,,,,,,,,,,,,,,,,,,,
Carlos Newton,BJJ,,0.75,,,,,,,,,X,,0.75,,,,,,,,,,,0.75,,,,,,,,
Francis Ngannou,Boxing,,,,,,,,6,,,X,,,,6,,,,,,,,,,6,,,,,,,
Ben Nguyen,TKD,,,,,,,,,1.33,,,,,,,,,,,,,,,,,,,,,,,
Alex Nicholson,Muay Thai,,,,,0.33,,,,,,,,,,,,,,,,,,,,,,,,,,,
Matheus Nicolau,BJJ,,5,,,,,,,,,,,,,,,,,,,,,,,,,,,,,,
Tom Niinimäki,Kickboxing,,,,,,,0.33,,,,,,,,,,,,,,,,,,,,,,,,,
Ramsey Nijem,Wrestling,1,,,,,,,,,,,,,,,,,,,,,,,,,,,,,,,
Mats Nilsson,Judo,,,0,,,,,,,,,,,,,,,,,,,,,,,,,,,,,
Jack Nilson,Kickboxing,,,,,,,1,,,,,,,,,,,,,,,,,,,,,,,,,
Guangyou Ning,Freestyle,,,,1,,,,,,,,,,,,,,,,,,,,,,,,,,,,
Anthony Njokuani,Muay Thai,,,,,0.6,,,,,,,,,,,,,,,,,,,,,,,,,,,
Antônio Rodrigo Nogueira,Judo,,,0.83,,,,,,,,,,,,,,,,,,,,,,,,,,,,,
Antônio Rogério Nogueira,Judo,,,0.86,,,,,,,,,,,,,,,,,,,,,,,,,,,,,
Kyle Noke,Freestyle,,,,1,,,,,,,,,,,,,,,,,,,,,,,,,,,,
KJ Noons,Karate,,,,,,0.5,,,,,,,,,,,,,,,,,,,,,,,,,,
Sage Northcutt,Karate,,,,,,3,,,,,,,,,,,,,,,,,,,,,,,,,,
Phillipe Nover,Freestyle,,,,0.17,,,,,,,,,,,,,,,,,,,,,,,,,,,,
Diego Nunes,Freestyle,,,,1,,,,,,,,,,,,,,,,,,,,,,,,,,,,
Abubakar Nurmagomedov,Wrestling,1,,,,,,,,,,,,,,,,,,,,,,,,,,,,,,,
Khabib Nurmagomedov,Wrestling,13,,,,,,,,,,X,13,,,,,,,,,,,13,,,,,,,,,
Said Nurmagomedov,Freestyle,,,,4,,,,,,,,,,,,,,,,,,,,,,,,,,,,
Kennedy Nzechukwu,Freestyle,,,,1.67,,,,,,,,,,,,,,,,,,,,,,,,,,,,
Jake O'Brien,Wrestling,1.33,,,,,,,,,,,,,,,,,,,,,,,,,,,,,,,
Sean O'Connell,Wrestling,0.4,,,,,,,,,,,,,,,,,,,,,,,,,,,,,,,
Volkan Oezdemir,Kickboxing,,,,,,,1,,,,,,,,,,,,,,,,,,,,,,,,,
Andy Ogle,Freestyle,,,,0.2,,,,,,,,,,,,,,,,,,,,,,,,,,,,
Yushin Okami,Judo,,,2,,,,,,,,,,,,,,,,,,,,,,,,,,,,,
Alexey Oleinik,Wrestling,1.14,,,,,,,,,,,,,,,,,,,,,,,,,,,,,,,
Michal Oleksiejczuk,Freestyle,,,,1.33,,,,,,,,,,,,,,,,,,,,,,,,,,,,
Alexey Oleynik,Wrestling,1.14,,,,,,,,,,,,,,,,,,,,,,,,,,,,,,,
Alex Oliveira,Muay Thai,,,,,1.1,,,,,,,,,,,,,,,,,,,,,,,,,,,
Charles Oliveira,BJJ,,2.5,,,,,,,,,X,,2.5,,,,,,,,,,,2.5,,,,,,,,
Rafaello Oliveira,BJJ,,0.33,,,,,,,,,,,,,,,,,,,,,,,,,,,,,,
Sean O'Malley,Freestyle,,,,8,,,,,,,,,,,,,,,,,,,,,,,,,,,,
Daniel Omielańczuk,Kickboxing,,,,,,,0.8,,,,,,,,,,,,,,,,,,,,,,,,,
Michihiro Omigawa,Judo,,,0.17,,,,,,,,,,,,,,,,,,,,,,,,,,,,,
Chuck O'Neil,Freestyle,,,,0,,,,,,,,,,,,,,,,,,,,,,,,,,,,
Brian Ortega,BJJ,,3.5,,,,,,,,,,,,,,,,,,,,,,,,,,,,,,
Dustin Ortiz,Wrestling,1.33,,,,,,,,,,,,,,,,,,,,,,,,,,,,,,,
Tito Ortiz ,Wrestling,1.25,,,,,,,,,,X,1.25,,,,,,,,,,,1.25,,,,,,,,,
Ode' Osbourne,Wrestling,1.5,,,,,,,,,,,,,,,,,,,,,,,,,,,,,,,
Nick Osipczak,Kung Fu,,,,,,,,,,0.33,,,,,,,,,,,,,,,,,,,,,,
Zak Ottow,Wrestling,1,,,,,,,,,,,,,,,,,,,,,,,,,,,,,,,
Alistair Overeem,Kickboxing,,,,,,,1.5,,,,,,,,,,,,,,,,,,,,,,,,,
Alptekin Özkiliç,Wrestling,0.33,,,,,,,,,,,,,,,,,,,,,,,,,,,,,,,
Nick Pace,Freestyle,,,,0.5,,,,,,,,,,,,,,,,,,,,,,,,,,,,
Damacio Page,Wrestling,0,,,,,,,,,,,,,,,,,,,,,,,,,,,,,,,
Dustin Pague,Boxing,,,,,,,,0.2,,,,,,,,,,,,,,,,,,,,,,,,
Fredson Paixão,BJJ,,0,,,,,,,,,,,,,,,,,,,,,,,,,,,,,,
Teemu Packalen,BJJ,,0.33,,,,,,,,,,,,,,,,,,,,,,,,,,,,,,
Raulian Paiva,Freestyle,,,,1.33,,,,,,,,,,,,,,,,,,,,,,,,,,,,
Bart Palaszewski,BJJ,,0.33,,,,,,,,,,,,,,,,,,,,,,,,,,,,,,
Sasha Palatnikov,Kickboxing,,,,,,,0.5,,,,,,,,,,,,,,,,,,,,,,,,,
Soa Palelei,Wrestling,1.33,,,,,,,,,,,,,,,,,,,,,,,,,,,,,,,
Rousimar Palhares,BJJ,,2,,,,,,,,,,,,,,,,,,,,,,,,,,,,,,
Alexandre Pantoja,Freestyle,,,,2.67,,,,,,,,,,,,,,,,,,,,,,,,,,,,
Jared Papazian,Freestyle,,,,0,,,,,,,,,,,,,,,,,,,,,,,,,,,,
Remco Pardoel,BJJ,,1.5,,,,,,,,,,,,,,,,,,,,,,,,,,,,,,
Karo Parisyan,Judo,,,2,,,,,,,,,,,,,,,,,,,,,,,,,,,,,
Josh Parisian,Freestyle,,,,1.5,,,,,,,,,,,,,,,,,,,,,,,,,,,,
Jun Yong Park,Freestyle,,,,1.5,,,,,,,,,,,,,,,,,,,,,,,,,,,,
Norman Parke,Judo,,,1.25,,,,,,,,,,,,,,,,,,,,,,,,,,,,,
Jorge Patino,Judo,,,0,,,,,,,,,,,,,,,,,,,,,,,,,,,,,
Alan Patrick,BJJ,,1.67,,,,,,,,,,,,,,,,,,,,,,,,,,,,,,
Claude Patrick,Freestyle,,,,3,,,,,,,,,,,,,,,,,,,,,,,,,,,,
Sergei Pavlovich,Wrestling,3,,,,,,,,,,,,,,,,,,,,,,,,,,,,,,,
Pawel Pawlak,Freestyle,,,,0.5,,,,,,,,,,,,,,,,,,,,,,,,,,,,
Estevan Payan,Freestyle,,,,0,,,,,,,,,,,,,,,,,,,,,,,,,,,,
Jonathan Pearce,Wrestling,4,,,,,,,,,,,,,,,,,,,,,,,,,,,,,,,
Ross Pearson,TKD,,,,,,,,,0.92,,,,,,,,,,,,,,,,,,,,,,,
André Pederneiras,BJJ,,0,,,,,,,,,,,,,,,,,,,,,,,,,,,,,,
Carlo Pedersoli Jr.,Freestyle,,,,0.33,,,,,,,,,,,,,,,,,,,,,,,,,,,,
Tyson Pedro,Karate,,,,,,1,,,,,,,,,,,,,,,,,,,,,,,,,,
Kurt Pellegrino,Wrestling,1.4,,,,,,,,,,,,,,,,,,,,,,,,,,,,,,,
Luis Peña,Wrestling,1.67,,,,,,,,,,,,,,,,,,,,,,,,,,,,,,,
Cathal Pendred,Freestyle,,,,2,,,,,,,,,,,,,,,,,,,,,,,,,,,,
B.J. Penn,BJJ,,0.8,,,,,,,,,X,,0.8,,,,,,,,,,,0.8,,,,,,,,
Godofredo Pepey,BJJ,,0.83,,,,,,,,,,,,,,,,,,,,,,,,,,,,,,
Robbie Peralta,TKD,,,,,,,,,1.33,,,,,,,,,,,,,,,,,,,,,,,
Alex Pereira,Kickboxing,,,,,,,2,,,,,,,,,,,,,,,,,,,,,,,,,
Michael Pereira,Karate,,,,,,2.5,,,,,,,,,,,,,,,,,,,,,,,,,,
Alejandro Pérez,Freestyle,,,,1.6,,,,,,,,,,,,,,,,,,,,,,,,,,,,
Alex Perez,Wrestling,3.5,,,,,,,,,,,,,,,,,,,,,,,,,,,,,,,
Érik Pérez,Boxing,,,,,,,,3.5,,,,,,,,,,,,,,,,,,,,,,,,
Frankie Perez,BJJ,,0.33,,,,,,,,,,,,,,,,,,,,,,,,,,,,,,
Markus Perez,Kung Fu,,,,,,,,,,0.4,,,,,,,,,,,,,,,,,,,,,,
Anthony Perosh,BJJ,,0.71,,,,,,,,,,,,,,,,,,,,,,,,,,,,,,
Thiago Perpétuo,Freestyle,,,,0.5,,,,,,,,,,,,,,,,,,,,,,,,,,,,
Mike Perry,Boxing,,,,,,,,0.88,,,,,,,,,,,,,,,,,,,,,,,,
Raphael Pessoa,Freestyle,,,,0.5,,,,,,,,,,,,,,,,,,,,,,,,,,,,
Viktor Pešta,Freestyle,,,,0.25,,,,,,,,,,,,,,,,,,,,,,,,,,,,
Steven Peterson,Freestyle,,,,0.6,,,,,,,,,,,,,,,,,,,,,,,,,,,,
Seth Petruzelli,Karate,,,,,,0,,,,,,,,,,,,,,,,,,,,,,,,,,
Anthony Pettis,TKD,,,,,,,,,1.38,,X,,,,,,,1.38,,,,,,,,1.38,,,,,,
Sergio Pettis,Freestyle,,,,1.8,,,,,,,,,,,,,,,,,,,,,,,,,,,,
Forrest Petz,Freestyle,,,,0.4,,,,,,,,,,,,,,,,,,,,,,,,,,,,
Cody Pfister,Freestyle,,,,0.33,,,,,,,,,,,,,,,,,,,,,,,,,,,,
Nam Phan,Karate,,,,,,0.33,,,,,,,,,,,,,,,,,,,,,,,,,,
Costas Philippou,Boxing,,,,,,,,1.5,,,,,,,,,,,,,,,,,,,,,,,,
Aaron Phillips,TKD,,,,,,,,,0,,,,,,,,,,,,,,,,,,,,,,,
John Phillips,Freestyle,,,,0.2,,,,,,,,,,,,,,,,,,,,,,,,,,,,
Vinc Pichel,Freestyle,,,,3.5,,,,,,,,,,,,,,,,,,,,,,,,,,,,
Brad Pickett,Freestyle,,,,0.56,,,,,,,,,,,,,,,,,,,,,,,,,,,,
Jamie Pickett,BJJ,,0.6,,,,,,,,,,,,,,,,,,,,,,,,,,,,,,
Oskar Piechota,BJJ,,0.5,,,,,,,,,,,,,,,,,,,,,,,,,,,,,,
Mike Pierce,Wrestling,1.8,,,,,,,,,,,,,,,,,,,,,,,,,,,,,,,
Sean Pierson,Wrestling,2,,,,,,,,,,,,,,,,,,,,,,,,,,,,,,,
Domingo Pilarte,Freestyle,,,,0.5,,,,,,,,,,,,,,,,,,,,,,,,,,,,
Paddy Pimblett,Freestyle,,,,2,,,,,,,,,,,,,,,,,,,,,,,,,,,,
Daniel Pineda,Wrestling,0.8,,,,,,,,,,,,,,,,,,,,,,,,,,,,,,,
Liu Pingyuan,Freestyle,,,,1,,,,,,,,,,,,,,,,,,,,,,,,,,,,
Maki Pitolo,Freestyle,,,,0.4,,,,,,,,,,,,,,,,,,,,,,,,,,,,
Dustin Poirier,Boxing,,,,,,,,3.33,,,X,,,,3.33,,,,,,,,,,,,,,,,,
Igor Pokrajac,Freestyle,,,,0.5,,,,,,,,,,,,,,,,,,,,,,,,,,,,
Marco Polo Reyes,Freestyle,,,,1,,,,,,,,,,,,,,,,,,,,,,,,,,,,
Santiago Ponzinibbio,Kickboxing,,,,,,,2.5,,,,,,,,,,,,,,,,,,,,,,,,,
Parker Porter,Freestyle,,,,3,,,,,,,,,,,,,,,,,,,,,,,,,,,,
Callan Potter,BJJ,,0.5,,,,,,,,,,,,,,,,,,,,,,,,,,,,,,
Ruan Potts,Judo,,,0,,,,,,,,,,,,,,,,,,,,,,,,,,,,,
Devin Powell,BJJ,,0.33,,,,,,,,,,,,,,,,,,,,,,,,,,,,,,
Marcin Prachnio,Karate,,,,,,0.67,,,,,,,,,,,,,,,,,,,,,,,,,,
Wagner Prado,Muay Thai,,,,,0,,,,,,,,,,,,,,,,,,,,,,,,,,,
Trevor Prangley,Wrestling,1,,,,,,,,,,,,,,,,,,,,,,,,,,,,,,,
Carlo Prater,Wrestling,0.5,,,,,,,,,,,,,,,,,,,,,,,,,,,,,,,
Michel Prazeres,BJJ,,2.5,,,,,,,,,,,,,,,,,,,,,,,,,,,,,,
Niko Price,Kickboxing,,,,,,,1.33,,,,,,,,,,,,,,,,,,,,,,,,,
Jiří Procházka,Freestyle,,,,2,,,,,,,,,,,,,,,,,,,,,,,,,,,,
Joe Proctor,Freestyle,,,,1,,,,,,,,,,,,,,,,,,,,,,,,,,,,
Claudio Puelles,Muay Thai,,,,,4,,,,,,,,,,,,,,,,,,,,,,,,,,,
Jens Pulver,Wrestling,2,,,,,,,,,,X,2,,,,,,,,,,,2,,,,,,,,,
Mike Pyle,BJJ,,1.11,,,,,,,,,,,,,,,,,,,,,,,,,,,,,,
Billy Quarantillo,Freestyle,,,,2.5,,,,,,,,,,,,,,,,,,,,,,,,,,,,
Nathan Quarry,Freestyle,,,,2.33,,,,,,,,,,,,,,,,,,,,,,,,,,,,
Vinicius Queiroz,Muay Thai,,,,,0,,,,,,,,,,,,,,,,,,,,,,,,,,,
José Alberto Quiñónez,Freestyle,,,,1.25,,,,,,,,,,,,,,,,,,,,,,,,,,,,
Benji Radach,Freestyle,,,,1,,,,,,,,,,,,,,,,,,,,,,,,,,,,
Jordan Radev,Wrestling,0,,,,,,,,,,,,,,,,,,,,,,,,,,,,,,,
Rick Rainey,Freestyle,,,,0,,,,,,,,,,,,,,,,,,,,,,,,,,,,
Shavkat Rakhmonov,Freestyle,,,,3,,,,,,,,,,,,,,,,,,,,,,,,,,,,
Aleksandar Rakić,Kickboxing,,,,,,,6,,,,,,,,,,,,,,,,,,,,,,,,,
Hector Ramirez,Wrestling,0,,,,,,,,,,,,,,,,,,,,,,,,,,,,,,,
Davi Ramos,BJJ,,1.33,,,,,,,,,,,,,,,,,,,,,,,,,,,,,,
Luis Ramos,Freestyle,,,,0,,,,,,,,,,,,,,,,,,,,,,,,,,,,
Ricardo Ramos,BJJ,,2,,,,,,,,,,,,,,,,,,,,,,,,,,,,,,
Kevin Randleman,Wrestling,1.33,,,,,,,,,,X,1.33,,,,,,,,,,,1.33,,,,,,,,,
Stevie Ray,Freestyle,,,,1.75,,,,,,,,,,,,,,,,,,,,,,,,,,,,
Chance Rencountre,Freestyle,,,,1,,,,,,,,,,,,,,,,,,,,,,,,,,,,
Chad Reiner,Freestyle,,,,0,,,,,,,,,,,,,,,,,,,,,,,,,,,,
Jason Reinhardt,Freestyle,,,,0,,,,,,,,,,,,,,,,,,,,,,,,,,,,
Wilson Reis,BJJ,,1.17,,,,,,,,,,,,,,,,,,,,,,,,,,,,,,
Goran Reljić,Freestyle,,,,0.33,,,,,,,,,,,,,,,,,,,,,,,,,,,,
Dominick Reyes,Freestyle,,,,2,,,,,,,,,,,,,,,,,,,,,,,,,,,,
Johnny Rhodes,Freestyle,,,,2,,,,,,,,,,,,,,,,,,,,,,,,,,,,
Mike Ricci,Freestyle,,,,0.5,,,,,,,,,,,,,,,,,,,,,,,,,,,,
Brad Riddell,Muay Thai,,,,,4,,,,,,,,,,,,,,,,,,,,,,,,,,,
Matthew Riddle,Wrestling,3.33,,,,,,,,,,,,,,,,,,,,,,,,,,,,,,,
Joe Riggs,Freestyle,,,,0.71,,,,,,,,,,,,,,,,,,,,,,,,,,,,
Aaron Riley,Freestyle,,,,0.5,,,,,,,,,,,,,,,,,,,,,,,,,,,,
Jordan Rinaldi,Wrestling,0.67,,,,,,,,,,,,,,,,,,,,,,,,,,,,,,,
Nick Ring,Kickboxing,,,,,,,1,,,,,,,,,,,,,,,,,,,,,,,,,
Mike Rio,Wrestling,0.33,,,,,,,,,,,,,,,,,,,,,,,,,,,,,,,
Dante Rivera,BJJ,,0,,,,,,,,,,,,,,,,,,,,,,,,,,,,,,
Francisco Rivera,Freestyle,,,,0.67,,,,,,,,,,,,,,,,,,,,,,,,,,,,
Jerome Rivera,Kickboxing,,,,,,,0.25,,,,,,,,,,,,,,,,,,,,,,,,,
Jimmie Rivera,Wrestling,1.5,,,,,,,,,,,,,,,,,,,,,,,,,,,,,,,
Jorge Rivera,Freestyle,,,,1.14,,,,,,,,,,,,,,,,,,,,,,,,,,,,
Pedro Rizzo ,Muay Thai,,,,,1.8,,,,,,,,,,,,,,,,,,,,,,,,,,,
Karl Roberson,Kickboxing,,,,,,,1,,,,,,,,,,,,,,,,,,,,,,,,,
Andre Roberts,Freestyle,,,,2,,,,,,,,,,,,,,,,,,,,,,,,,,,,
Daniel Roberts,Wrestling,0.75,,,,,,,,,,,,,,,,,,,,,,,,,,,,,,,
Danny Roberts,Boxing,,,,,,,,1.75,,,,,,,,,,,,,,,,,,,,,,,,
Roosevelt Roberts,Freestyle,,,,1.25,,,,,,,,,,,,,,,,,,,,,,,,,,,,
Kenny Robertson,Wrestling,0.8,,,,,,,,,,,,,,,,,,,,,,,,,,,,,,,
Alvin Robinson,BJJ,,0.33,,,,,,,,,,,,,,,,,,,,,,,,,,,,,,
Carlos Eduardo Rocha,BJJ,,0.5,,,,,,,,,,,,,,,,,,,,,,,,,,,,,,
Vagner Rocha,BJJ,,0.33,,,,,,,,,,,,,,,,,,,,,,,,,,,,,,
Luke Rockhold,BJJ,,1.5,,,,,,,,,X,,1.5,,,,,,,,,,1.5,,,,,,,,,
Gregory Rodrigues,BJJ,,1,,,,,,,,,,,,,,,,,,,,,,,,,,,,,,
Daniel Rodriguez,Boxing,,,,,,,,7,,,,,,,,,,,,,,,,,,,,,,,,
Ricco Rodriguez,BJJ,,2.5,,,,,,,,,X,,2.5,,,,,,,,,,,2.5,,,,,,,,
Mike Rodriguez,Freestyle,,,,0.6,,,,,,,,,,,,,,,,,,,,,,,,,,,,
Yair Rodríguez,TKD,,,,,,,,,4,,,,,,,,,,,,,,,,,,,,,,,
Marcos Rogério de Lima,Freestyle,,,,1.8,,,,,,,,,,,,,,,,,,,,,,,,,,,,
Shane Roller,Wrestling,0.5,,,,,,,,,,,,,,,,,,,,,,,,,,,,,,,
Alexander Romanov,Wrestling,4,,,,,,,,,,,,,,,,,,,,,,,,,,,,,,,
Ricardo Romero,Freestyle,,,,0.5,,,,,,,,,,,,,,,,,,,,,,,,,,,,
Yoel Romero,Boxing,,,,,,,,2,,,,,,,,,,,,,,,,,,,,,,,,
Jesse Ronson,Wrestling,0,,,,,,,,,,,,,,,,,,,,,,,,,,,,,,,
George Roop,Freestyle,,,,0.63,,,,,,,,,,,,,,,,,,,,,,,,,,,,
João Roque,BJJ,,0,,,,,,,,,,,,,,,,,,,,,,,,,,,,,,
Aaron Rosa,Freestyle,,,,0.5,,,,,,,,,,,,,,,,,,,,,,,,,,,,
Charles Rosa,Freestyle,,,,0.71,,,,,,,,,,,,,,,,,,,,,,,,,,,,
Jake Rosholt,Wrestling,0.5,,,,,,,,,,,,,,,,,,,,,,,,,,,,,,,
Jared Rosholt,Wrestling,3,,,,,,,,,,,,,,,,,,,,,,,,,,,,,,,
Kevin Rosier,Kickboxing,,,,,,,0.5,,,,,,,,,,,,,,,,,,,,,,,,,
Ben Rothwell,Kickboxing,,,,,,,1.13,,,,,,,,,,,,,,,,,,,,,,,,,
Khalil Rountree Jr.,Freestyle,,,,1.2,,,,,,,,,,,,,,,,,,,,,,,,,,,,
Philip Rowe,Freestyle,,,,3,,,,,,,,,,,,,,,,,,,,,,,,,,,,
Brandon Royval,BJJ,,1.5,,,,,,,,,,,,,,,,,,,,,,,,,,,,,,
Jairzinho Rozenstruik,Kickboxing,,,,,,,2,,,,,,,,,,,,,,,,,,,,,,,,,
Mauricio Rua,Muay Thai,,,,,1,,,,,,X,,,,,,1,,,,,,,,,,1,,,,,
Marco Ruas,Freestyle,,,,2,,,,,,,,,,,,,,,,,,,,,,,,,,,,
Gabe Ruediger,Kung Fu,,,,,,,,,,0,,,,,,,,,,,,,,,,,,,,,,
Mike Russow,Wrestling,2,,,,,,,,,,,,,,,,,,,,,,,,,,,,,,,
Bas Rutten,TKD,,,,,,,,,2,,X,,,,,,,2,,,,,,,,,,2,,,,
Pat Sabatini,BJJ,,3,,,,,,,,,,,,,,,,,,,,,,,,,,,,,,
Amir Sadollah,Freestyle,,,,1.2,,,,,,,,,,,,,,,,,,,,,,,,,,,,
Frankie Saenz,Wrestling,1,,,,,,,,,,,,,,,,,,,,,,,,,,,,,,,
Saparbek Safarov,Wrestling,0.33,,,,,,,,,,,,,,,,,,,,,,,,,,,,,,,
Tarec Saffiedine,Karate,,,,,,0.5,,,,,,,,,,,,,,,,,,,,,,,,,,
Jason Saggo,BJJ,,1,,,,,,,,,,,,,,,,,,,,,,,,,,,,,,
Augusto Sakai,Freestyle,,,,1.67,,,,,,,,,,,,,,,,,,,,,,,,,,,,
Alessio Sakara,Kung Fu,,,,,,,,,,0.75,,,,,,,,,,,,,,,,,,,,,,
Gokhan Saki,Kickboxing,,,,,,,1,,,,,,,,,,,,,,,,,,,,,,,,,
Kazushi Sakuraba,Wrestling,1,,,,,,,,,,,,,,,,,,,,,,,,,,,,,,,
Hayato Sakurai,Freestyle,,,0,,,,,,,,,,,,,,,,,,,,,,,,,,,,,
Justin Salas,Wrestling,0.75,,,,,,,,,,,,,,,,,,,,,,,,,,,,,,,
Ivan Salaverry,Freestyle,,,,0.75,,,,,,,,,,,,,,,,,,,,,,,,,,,,
Muslim Salikhov,Kickboxing,,,,,,,5,,,,,,,,,,,,,,,,,,,,,,,,,
Sean Salmon,Wrestling,0,,,,,,,,,,,,,,,,,,,,,,,,,,,,,,,
John Salter,Wrestling,0.5,,,,,,,,,,,,,,,,,,,,,,,,,,,,,,,
Josh Samman,Freestyle,,,,1.5,,,,,,,,,,,,,,,,,,,,,,,,,,,,
Josh Sampo,Wrestling,0.33,,,,,,,,,,,,,,,,,,,,,,,,,,,,,,,
Andrew Sanchez,Wrestling,1,,,,,,,,,,,,,,,,,,,,,,,,,,,,,,,
Diego Sanchez,Freestyle,,,,1.46,,,,,,,,,,,,,,,,,,,,,,,,,,,,
Eddie Sanchez,Freestyle,,,,1,,,,,,,,,,,,,,,,,,,,,,,,,,,,
Joby Sanchez,Freestyle,,,,0.75,,,,,,,,,,,,,,,,,,,,,,,,,,,,
Roberto Sanchez,BJJ,,0.5,,,,,,,,,,,,,,,,,,,,,,,,,,,,,,
Luke Sanders,Wrestling,0.6,,,,,,,,,,,,,,,,,,,,,,,,,,,,,,,
Cory Sandhagen,Kickboxing,,,,,,,2.33,,,,,,,,,,,,,,,,,,,,,,,,,
Hector Sandoval,Freestyle,,,,1,,,,,,,,,,,,,,,,,,,,,,,,,,,,
Jorge Santiago,BJJ,,0.25,,,,,,,,,,,,,,,,,,,,,,,,,,,,,,
Mike Santiago,Freestyle,,,,0.33,,,,,,,,,,,,,,,,,,,,,,,,,,,,
Bruno Santos,BJJ,,0.5,,,,,,,,,,,,,,,,,,,,,,,,,,,,,,
Iliarde Santos,Freestyle,,,,0,,,,,,,,,,,,,,,,,,,,,,,,,,,,
Leonardo Santos,BJJ,,2.33,,,,,,,,,,,,,,,,,,,,,,,,,,,,,,
Thiago Santos,Muay Thai,,,,,1.56,,,,,,,,,,,,,,,,,,,,,,,,,,,
Daniel Sarafian,Judo,,,0.5,,,,,,,,,,,,,,,,,,,,,,,,,,,,,
Diego Saraiva,BJJ,,0,,,,,,,,,,,,,,,,,,,,,,,,,,,,,,
Yuki Sasaki,BJJ,,0,,,,,,,,,,,,,,,,,,,,,,,,,,,,,,
Yuta Sasaki,Wrestling,0.8,,,,,,,,,,,,,,,,,,,,,,,,,,,,,,,
Paul Sass,Freestyle,,,,1.5,,,,,,,,,,,,,,,,,,,,,,,,,,,,
Takashi Sato,Judo,,,0.67,,,,,,,,,,,,,,,,,,,,,,,,,,,,,
Takenori Sato,Wrestling,0,,,,,,,,,,,,,,,,,,,,,,,,,,,,,,,
Ben Saunders,Freestyle,,,,0.9,,,,,,,,,,,,,,,,,,,,,,,,,,,,
Townsend Saunders,Wrestling,0,,,,,,,,,,,,,,,,,,,,,,,,,,,,,,,
Matt Sayles,Freestyle,,,,0.67,,,,,,,,,,,,,,,,,,,,,,,,,,,,
Eric Schafer,BJJ,,0.5,,,,,,,,,,,,,,,,,,,,,,,,,,,,,,
Kerry Schall,Wrestling,0,,,,,,,,,,,,,,,,,,,,,,,,,,,,,,,
Brendan Schaub,Freestyle,,,,1.2,,,,,,,,,,,,,,,,,,,,,,,,,,,,
Fabiano Scherner,BJJ,,0,,,,,,,,,,,,,,,,,,,,,,,,,,,,,,
Samy Schiavo,TKD,,,,,,,,,0,,,,,,,,,,,,,,,,,,,,,,,
Semmy Schilt,Karate,,,,,,1,,,,,,,,,,,,,,,,,,,,,,,,,,
Matt Schnell,Freestyle,,,,1.67,,,,,,,,,,,,,,,,,,,,,,,,,,,,
Mark Schultz,Wrestling,1,,,,,,,,,,,,,,,,,,,,,,,,,,,,,,,
Justin Scoggins,Karate,,,,,,0.8,,,,,,,,,,,,,,,,,,,,,,,,,,
Brad Scott,Freestyle,,,,0.6,,,,,,,,,,,,,,,,,,,,,,,,,,,,
Neil Seery,Freestyle,,,,0.75,,,,,,,,,,,,,,,,,,,,,,,,,,,,
Pete Sell,Freestyle,,,,0.4,,,,,,,,,,,,,,,,,,,,,,,,,,,,
Matthew Semelsberger,Wrestling,4,,,,,,,,,,,,,,,,,,,,,,,,,,,,,,,
Andrei Semenov,Wrestling,1,,,,,,,,,,,,,,,,,,,,,,,,,,,,,,,
Mackens Semerzier,Wrestling,1,,,,,,,,,,,,,,,,,,,,,,,,,,,,,,,
Matt Serra,Wrestling,1,,,,,,,,,,X,1,,,,,,,,,,,1,,,,,,,,,
Fredy Serrano,Wrestling,1,,,,,,,,,,,,,,,,,,,,,,,,,,,,,,,
Dan Severn,Wrestling,2.25,,,,,,,,,,,,,,,,,,,,,,,,,,,,,,,
Edmen Shahbazyan,Freestyle,,,,1.67,,,,,,,,,,,,,,,,,,,,,,,,,,,,
Kamal Shalorus ,Wrestling,0,,,,,,,,,,,,,,,,,,,,,,,,,,,,,,,
Frank Shamrock,Wrestling,5,,,,,,,,,,X,5,,,,,,,,,,,5,,,,,,,,,
Ken Shamrock,Wrestling,1,,,,,,,,,,,,,,,,,,,,,,,,,,,,,,,
Eric Shelton,Freestyle,,,,0.5,,,,,,,,,,,,,,,,,,,,,,,,,,,,
Sean Sherk,Wrestling,2,,,,,,,,,,X,2,,,,,,,,,,,2,,,,,,,,,
Chase Sherman,Freestyle,,,,0.38,,,,,,,,,,,,,,,,,,,,,,,,,,,,
Jake Shields,Wrestling,1.33,,,,,,,,,,,,,,,,,,,,,,,,,,,,,,,
Josh Shockley,Freestyle,,,,0,,,,,,,,,,,,,,,,,,,,,,,,,,,,
Jack Shore,Kickboxing,,,,,,,5,,,,,,,,,,,,,,,,,,,,,,,,,
Sam Sicilia,Wrestling,0.71,,,,,,,,,,,,,,,,,,,,,,,,,,,,,,,
Steven Siler,Freestyle,,,,1.25,,,,,,,,,,,,,,,,,,,,,,,,,,,,
Anderson Silva,Muay Thai,,,,,2.43,,,,,,X,,,,,,2.43,,,,,,,,,,2.43,,,,,
Antônio Silva,Karate,,,,,,0.43,,,,,,,,,,,,,,,,,,,,,,,,,,
Assuerio Silva,Freestyle,,,,0,,,,,,,,,,,,,,,,,,,,,,,,,,,,
Bruno SIlva,Freestyle,,,,3,,,,,,,,,,,,,,,,,,,,,,,,,,,,
Cláudio Silva ,BJJ,,2.5,,,,,,,,,,,,,,,,,,,,,,,,,,,,,,
Erick Silva,Judo,,,0.88,,,,,,,,,,,,,,,,,,,,,,,,,,,,,
Felipe Silva,Muay Thai,,,,,0.5,,,,,,,,,,,,,,,,,,,,,,,,,,,
Jay Silva,BJJ,,0,,,,,,,,,,,,,,,,,,,,,,,,,,,,,,
Joaquim Silva,Muay Thai,,,,,1.33,,,,,,,,,,,,,,,,,,,,,,,,,,,
Leandro Silva,Muay Thai,,,,,0.75,,,,,,,,,,,,,,,,,,,,,,,,,,,
Thiago Silva,Kickboxing,,,,,,,2.33,,,,,,,,,,,,,,,,,,,,,,,,,
Wanderlei Silva,Muay Thai,,,,,0.8,,,,,,,,,,,,,,,,,,,,,,,,,,,
Elias Silvério,Freestyle,,,,1.5,,,,,,,,,,,,,,,,,,,,,,,,,,,,
Ricky Simón,Wrestling,5,,,,,,,,,,,,,,,,,,,,,,,,,,,,,,,
Aaron Simpson,Wrestling,1.75,,,,,,,,,,,,,,,,,,,,,,,,,,,,,,,
Wes Sims,Freestyle,,,,0,,,,,,,,,,,,,,,,,,,,,,,,,,,,
Lodune Sincaid,Freestyle,,,,0,,,,,,,,,,,,,,,,,,,,,,,,,,,,
Rory Singer,Freestyle,,,,1,,,,,,,,,,,,,,,,,,,,,,,,,,,,
Elvis Sinosic,BJJ,,0.33,,,,,,,,,,,,,,,,,,,,,,,,,,,,,,
Dennis Siver,TKD,,,,,,,,,1.5,,,,,,,,,,,,,,,,,,,,,,,
Chas Skelly,Wrestling,2.67,,,,,,,,,,,,,,,,,,,,,,,,,,,,,,,
Joe Slick,Freestyle,,,,1,,,,,,,,,,,,,,,,,,,,,,,,,,,,
Anthony Smith,Freestyle,,,,2.2,,,,,,,,,,,,,,,,,,,,,,,,,,,,
Cole Smith,BJJ,,0.5,,,,,,,,,,,,,,,,,,,,,,,,,,,,,,
Colton Smith,Wrestling,0.33,,,,,,,,,,,,,,,,,,,,,,,,,,,,,,,
Devonte Smith,Wrestling,1.33,,,,,,,,,,,,,,,,,,,,,,,,,,,,,,,
Maurice Smith,Kickboxing,,,,,,,1.33,,,,X,,,,,1.33,,,,,,,,,,1.33,,,,,,
Patrick Smith,Boxing,,,,,,,,2,,,,,,,,,,,,,,,,,,,,,,,,
Scott Smith,Wrestling,0.33,,,,,,,,,,,,,,,,,,,,,,,,,,,,,,,
Trevor Smith,Wrestling,0.71,,,,,,,,,,,,,,,,,,,,,,,,,,,,,,,
Louis Smolka,Freestyle,,,,1,,,,,,,,,,,,,,,,,,,,,,,,,,,,
Dmitry Smolyakov,Wrestling,0,,,,,,,,,,,,,,,,,,,,,,,,,,,,,,,
Peter Sobotta,BJJ,,0.67,,,,,,,,,,,,,,,,,,,,,,,,,,,,,,
Renato Sobral,Wrestling,1.5,,,,,,,,,,,,,,,,,,,,,,,,,,,,,,,
Rameau Thierry Sokoudjou,Judo,,,0.5,,,,,,,,,,,,,,,,,,,,,,,,,,,,,
Chael Sonnen,Wrestling,1,,,,,,,,,,,,,,,,,,,,,,,,,,,,,,,
Punahele Soriano,Wrestling,1.5,,,,,,,,,,,,,,,,,,,,,,,,,,,,,,,
Sean Soriano,Wrestling,0,,,,,,,,,,,,,,,,,,,,,,,,,,,,,,,
Krzysztof Soszynski,Freestyle,,,,2,,,,,,,,,,,,,,,,,,,,,,,,,,,,
George Sotiropoulos,BJJ,,1.75,,,,,,,,,,,,,,,,,,,,,,,,,,,,,,
Greg Soto,Freestyle,,,,0.5,,,,,,,,,,,,,,,,,,,,,,,,,,,,
Joe Soto,Wrestling,0.6,,,,,,,,,,,,,,,,,,,,,,,,,,,,,,,
Andre Soukhamthath,Freestyle,,,,0.43,,,,,,,,,,,,,,,,,,,,,,,,,,,,
Bobby Southworth,Kickboxing,,,,,,,0,,,,,,,,,,,,,,,,,,,,,,,,,
Kevin Souza,Freestyle,,,,3,,,,,,,,,,,,,,,,,,,,,,,,,,,,
Ronaldo Souza,BJJ,,1.29,,,,,,,,,,,,,,,,,,,,,,,,,,,,,,
Chris Spång,Boxing,,,,,,,,0,,,,,,,,,,,,,,,,,,,,,,,,
Ryan Spann,Freestyle,,,,3,,,,,,,,,,,,,,,,,,,,,,,,,,,,
Tom Speer,Wrestling,0,,,,,,,,,,,,,,,,,,,,,,,,,,,,,,,
Sean Spencer,Boxing,,,,,,,,0.6,,,,,,,,,,,,,,,,,,,,,,,,
Eric Spicely,Freestyle,,,,0.4,,,,,,,,,,,,,,,,,,,,,,,,,,,,
Daniel Spitz,Freestyle,,,,0.33,,,,,,,,,,,,,,,,,,,,,,,,,,,,
Sergey Spivak,Freestyle,,,,1.67,,,,,,,,,,,,,,,,,,,,,,,,,,,,
Dan Spohn,Kung Fu,,,,,,,,,,0,,,,,,,,,,,,,,,,,,,,,,
Pete Spratt,Karate,,,,,,0.75,,,,,,,,,,,,,,,,,,,,,,,,,,
Ron Stallings,Freestyle,,,,0.5,,,,,,,,,,,,,,,,,,,,,,,,,,,,
Cody Stamann,Wrestling,1,,,,,,,,,,,,,,,,,,,,,,,,,,,,,,,
Brian Stann,Freestyle,,,,1.2,,,,,,,,,,,,,,,,,,,,,,,,,,,,
Josh Stansbury,Wrestling,0.5,,,,,,,,,,,,,,,,,,,,,,,,,,,,,,,
Clifford Starks,Wrestling,0.5,,,,,,,,,,,,,,,,,,,,,,,,,,,,,,,
Kalib Starnes,BJJ,,0.67,,,,,,,,,,,,,,,,,,,,,,,,,,,,,,
Laureano Staropoli,TKD,,,,,,,,,0.5,,,,,,,,,,,,,,,,,,,,,,,
Damian Stasiak,Karate,,,,,,0.5,,,,,,,,,,,,,,,,,,,,,,,,,,
Steve Steinbeiss,Kickboxing,,,,,,,0,,,,,,,,,,,,,,,,,,,,,,,,,
Jeremy Stephens,Wrestling,0.83,,,,,,,,,,,,,,,,,,,,,,,,,,,,,,,
Aljamain Sterling,Wrestling,4,,,,,,,,,,X,4,,,,,,,,,,,4,,,,,,,,,
Joe Stevenson,Judo,,,1,,,,,,,,,,,,,,,,,,,,,,,,,,,,,
Darren Stewart,Freestyle,,,,0.63,,,,,,,,,,,,,,,,,,,,,,,,,,,,
Alex Stiebling,Freestyle,,,,0,,,,,,,,,,,,,,,,,,,,,,,,,,,,
Dustin Stoltzfus,Wrestling,0.33,,,,,,,,,,,,,,,,,,,,,,,,,,,,,,,
Ken Stone,Wrestling,1,,,,,,,,,,,,,,,,,,,,,,,,,,,,,,,
Rick Story,Wrestling,1.71,,,,,,,,,,,,,,,,,,,,,,,,,,,,,,,
Sam Stout,Kickboxing,,,,,,,0.82,,,,,,,,,,,,,,,,,,,,,,,,,
Darko Stošić,Judo,,,0.33,,,,,,,,,,,,,,,,,,,,,,,,,,,,,
Georges St-Pierre,Karate,,,,,,10,,,,,X,,,10,,,,,,,,,,,,,,,10,,,
Ovince St. Preux,Wrestling,1.18,,,,,,,,,,,,,,,,,,,,,,,,,,,,,,,
Dave Strasser,Wrestling,1,,,,,,,,,,,,,,,,,,,,,,,,,,,,,,,
Gerald Strebendt,BJJ,,0,,,,,,,,,,,,,,,,,,,,,,,,,,,,,,
Sean Strickland,Freestyle,,,,4,,,,,,,,,,,,,,,,,,,,,,,,,,,,
Hans Stringer,Kickboxing,,,,,,,0.5,,,,,,,,,,,,,,,,,,,,,,,,,
Stefan Struve,Freestyle,,,,1.18,,,,,,,,,,,,,,,,,,,,,,,,,,,,
Genki Sudo,Wrestling,1,,,,,,,,,,,,,,,,,,,,,,,,,,,,,,,
George Sullivan,Freestyle,,,,0.75,,,,,,,,,,,,,,,,,,,,,,,,,,,,
Amar Suloev,Freestyle,,,,0,,,,,,,,,,,,,,,,,,,,,,,,,,,,
Cub Swanson,Freestyle,,,,1.63,,,,,,,,,,,,,,,,,,,,,,,,,,,,
Mike Swick,TKD,,,,,,,,,2,,,,,,,,,,,,,,,,,,,,,,,
Tim Sylvia,Wrestling,2.25,,,,,,,,,,X,2.25,,,,,,,,,,,2.25,,,,,,,,,
Justin Tafa,Freestyle,,,,0.67,,,,,,,,,,,,,,,,,,,,,,,,,,,,
Khalid Taha,TKD,,,,,,,,,0.33,,,,,,,,,,,,,,,,,,,,,,,
Mairbek Taisumov,Freestyle,,,,3.5,,,,,,,,,,,,,,,,,,,,,,,,,,,,
Kazuo Takahashi,Wrestling,1,,,,,,,,,,,,,,,,,,,,,,,,,,,,,,,
Daiju Takase,Freestyle,,,,0,,,,,,,,,,,,,,,,,,,,,,,,,,,,
Oleg Taktarov,Judo,,,2,,,,,,,,,,,,,,,,,,,,,,,,,,,,,
Nordine Taleb,Freestyle,,,,1.4,,,,,,,,,,,,,,,,,,,,,,,,,,,,
Issei Tamura,Freestyle,,,,0.5,,,,,,,,,,,,,,,,,,,,,,,,,,,,
Jason Tan,Kickboxing,,0,,,,,,,,,,,,,,,,,,,,,,,,,,,,,,
Michinori Tanaka,Judo,,,0.67,,,,,,,,,,,,,,,,,,,,,,,,,,,,,
Evan Tanner,Wrestling ,1.83,,,,,,,,,,X,1.83,,,,,,,,,,,1.83,,,,,,,,,
Brad Tavares,Freestyle,,,,2.17,,,,,,,,,,,,,,,,,,,,,,,,,,,,
Thiago Tavares,Judo,,,1.25,,,,,,,,,,,,,,,,,,,,,,,,,,,,,
Jesse Taylor,Wrestling,1,,,,,,,,,,,,,,,,,,,,,,,,,,,,,,,
Paul Taylor,Kickboxing,,,,,,,0.8,,,,,,,,,,,,,,,,,,,,,,,,,
James Te Huna,Freestyle,,,,1,,,,,,,,,,,,,,,,,,,,,,,,,,,,
Glover Teixeira,BJJ,,3.2,,,,,,,,,X,,3.2,,,,,,,,,,,,3.2,,,,,,,
John Teixeira,Freestyle,,,,0,,,,,,,,,,,,,,,,,,,,,,,,,,,,
Tra Telligman,Karate,,,,,,0.2,,,,,,,,,,,,,,,,,,,,,,,,,,
David Terrell,Wrestling,2,,,,,,,,,,,,,,,,,,,,,,,,,,,,,,,
Daniel Teymur,Muay Thai,,,,,0.25,,,,,,,,,,,,,,,,,,,,,,,,,,,
Davud Teymur,Muay Thai,,,,,5,,,,,,,,,,,,,,,,,,,,,,,,,,,
Brandon Thatch,Karate,,,,,,0.5,,,,,,,,,,,,,,,,,,,,,,,,,,
Elias Theodorou,Freestyle,,,,2.67,,,,,,,,,,,,,,,,,,,,,,,,,,,,
Paulo Thiago,Judo,,,0.63,,,,,,,,,,,,,,,,,,,,,,,,,,,,,
Nick Thompson,Freestyle,,,,1,,,,,,,,,,,,,,,,,,,,,,,,,,,,
Oli Thompson,Freestyle,,,,0,,,,,,,,,,,,,,,,,,,,,,,,,,,,
Stephen Thompson,Karate,,,,,,1.57,,,,,,,,,,,,,,,,,,,,,,,,,,
Josh Thomson,Wrestling,0.75,,,,,,,,,,,,,,,,,,,,,,,,,,,,,,,
Din Thomas,BJJ,,1,,,,,,,,,,,,,,,,,,,,,,,,,,,,,,
Ryan Thomas,Wrestling,0,,,,,,,,,,,,,,,,,,,,,,,,,,,,,,,
Simeon Thoresen,Freestyle,,,,0.5,,,,,,,,,,,,,,,,,,,,,,,,,,,,
Gleison Tibau,BJJ,,1.33,,,,,,,,,,,,,,,,,,,,,,,,,,,,,,
Darren Till,Muay Thai,,,,,1.2,,,,,,,,,,,,,,,,,,,,,,,,,,,
Duško Todorović,Freestyle,,,,1.5,,,,,,,,,,,,,,,,,,,,,,,,,,,,
Kazuki Tokudome,Judo,,,0.33,,,,,,,,,,,,,,,,,,,,,,,,,,,,,
Tyler Toner,Kickboxing,,,,,,,0,,,,,,,,,,,,,,,,,,,,,,,,,
Ilia Topuria,Wrestling,4,,,,,,,,,,,,,,,,,,,,,,,,,,,,,,,
Miguel Torres,Wrestling,1,,,,,,,,,,,,,,,,,,,,,,,,,,,,,,,
Salim Touahri,Freestyle,,,,0,,,,,,,,,,,,,,,,,,,,,,,,,,,,
Dequan Townsend,Freestyle,,,,0,,,,,,,,,,,,,,,,,,,,,,,,,,,,
Roberto Traven,BJJ,,1,,,,,,,,,,,,,,,,,,,,,,,,,,,,,,
Frank Trigg,Judo,,,0.4,,,,,,,,,,,,,,,,,,,,,,,,,,,,,
Francisco Trinaldo,Freestyle,,,,2.43,,,,,,,,,,,,,,,,,,,,,,,,,,,,
Michael Trizano,Freestyle,,,,1.5,,,,,,,,,,,,,,,,,,,,,,,,,,,,
Tor Troéng,Freestyle,,,,0.33,,,,,,,,,,,,,,,,,,,,,,,,,,,,
Abel Trujillo,Wrestling,1.5,,,,,,,,,,,,,,,,,,,,,,,,,,,,,,,
Arman Tsarukyan,Wrestling,5,,,,,,,,,,,,,,,,,,,,,,,,,,,,,,,
Chris Tuchscherer,Wrestling,0.33,,,,,,,,,,,,,,,,,,,,,,,,,,,,,,,
Jon Tuck,Freestyle,,,,0.8,,,,,,,,,,,,,,,,,,,,,,,,,,,,
Galvin Tucker,Freestyle,,,,2,,,,,,,,,,,,,,,,,,,,,,,,,,,,
Jumabieke Tuerxun,Freestyle,,,,0,,,,,,,,,,,,,,,,,,,,,,,,,,,,
Tai Tuivasa,Freestyle,,,,2.67,,,,,,,,,,,,,,,,,,,,,,,,,,,,
Zubaira Tukhugov,Freestyle,,,,1.67,,,,,,,,,,,,,,,,,,,,,,,,,,,,
Albert Tumenov,Karate,,,,,,1.67,,,,,,,,,,,,,,,,,,,,,,,,,,
Wellington Turman,Muay Thai,,,,,1,,,,,,,,,,,,,,,,,,,,,,,,,,,
Jalin Turner,Wrestling,3,,,,,,,,,,,,,,,,,,,,,,,,,,,,,,,
Marcin Tybura,Freestyle,,,,1.5,,,,,,,,,,,,,,,,,,,,,,,,,,,,
Tagir Ulanbekov,Freestyle,,,,2,,,,,,,,,,,,,,,,,,,,,,,,,,,,
Carlos Ulberg,Freestyle,,,,2,,,,,,,,,,,,,,,,,,,,,,,,,,,,
Héctor Urbina,Freestyle,,,,0.5,,,,,,,,,,,,,,,,,,,,,,,,,,,,
Gasan Umalatov,Freestyle,,,,0.33,,,,,,,,,,,,,,,,,,,,,,,,,,,,
Caol Uno,Judo,,,0.5,,,,,,,,,,,,,,,,,,,,,,,,,,,,,
Yasuhiro Urushitani,Freestyle,,,,0,,,,,,,,,,,,,,,,,,,,,,,,,,,,
Kamaru Usman,Wrestling,15,,,,,,,,,,X,15,,,,,,,,,,,15,,,,,,,,,
Darren Uyenoyama,Wrestling,1,,,,,,,,,,,,,,,,,,,,,,,,,,,,,,,
Richi Vaculik,BJJ,,0.33,,,,,,,,,,,,,,,,,,,,,,,,,,,,,,
Charlie Valencia,Wrestling,0,,,,,,,,,,,,,,,,,,,,,,,,,,,,,,,
Timur Valiev,Kickboxing,,,,,,,1,,,,,,,,,,,,,,,,,,,,,,,,,
Isaac Vallie-Flagg,Freestyle,,,,0.3,,,,,,,,,,,,,,,,,,,,,,,,,,,,
Mike Van Arsdale,Wrestling,0.5,,,,,,,,,,,,,,,,,,,,,,,,,,,,,,,
Matt Van Buren,Freestyle,,,,0,,,,,,,,,,,,,,,,,,,,,,,,,,,,
Jared Vanderaa,Wrestling,0.67,,,,,,,,,,,,,,,,,,,,,,,,,,,,,,,
Lando Vannata,Wrestling,0.57,,,,,,,,,,,,,,,,,,,,,,,,,,,,,,,
Paul Varelans,Boxing,,,,,,,,1,,,,,,,,,,,,,,,,,,,,,,,,
Rodrigo Vargas,Freestyle,,,,0.33,,,,,,,,,,,,,,,,,,,,,,,,,,,,
Jamie Varner,Wrestling,0.4,,,,,,,,,,,,,,,,,,,,,,,,,,,,,,,
Javier Vazquez,Wrestling,1,,,,,,,,,,,,,,,,,,,,,,,,,,,,,,,
Matt Veach,Wrestling,0.5,,,,,,,,,,,,,,,,,,,,,,,,,,,,,,,
Joe Vedepo,Wrestling,0,,,,,,,,,,,,,,,,,,,,,,,,,,,,,,,
Cain Velasquez,Wrestling,4,,,,,,,,,,X,4,,,,,,,,,,,4,,,,,,,,,
Bojan Veličković,Judo,,,0.5,,,,,,,,,,,,,,,,,,,,,,,,,,,,,
Karlos Vemola,Wrestling,0.5,,,,,,,,,,,,,,,,,,,,,,,,,,,,,,,
Luigi Vendramini,BJJ,,0.33,,,,,,,,,,,,,,,,,,,,,,,,,,,,,,
Brandon Vera,Wrestling,1.14,,,,,,,,,,,,,,,,,,,,,,,,,,,,,,,
Marlon Vera,BJJ,,2,,,,,,,,,,,,,,,,,,,,,,,,,,,,,,
Renato Verissimo,BJJ,,0.5,,,,,,,,,,,,,,,,,,,,,,,,,,,,,,
Marvin Vettori,Kickboxing,,,,,,,2,,,,,,,,,,,,,,,,,,,,,,,,,
Hugo Viana,TKD,,,,,,,,,1,,,,,,,,,,,,,,,,,,,,,,,
James Vick,Boxing,,,,,,,,1.8,,,,,,,,,,,,,,,,,,,,,,,,
Milton Vieira,Freestyle,,,,0,,,,,,,,,,,,,,,,,,,,,,,,,,,,
Rodolfo Vieira,BJJ,,3,,,,,,,,,,,,,,,,,,,,,,,,,,,,,,
Gian Villante,Wrestling,0.64,,,,,,,,,,,,,,,,,,,,,,,,,,,,,,,
Ike Villanueva,Freestyle,,,,0.25,,,,,,,,,,,,,,,,,,,,,,,,,,,,
Danillo Villefort,Judo,,,0,,,,,,,,,,,,,,,,,,,,,,,,,,,,,
Yuri Villefort,Freestyle,,,,0,,,,,,,,,,,,,,,,,,,,,,,,,,,,
Marcos Vinicius,Freestyle,,,,0.5,,,,,,,,,,,,,,,,,,,,,,,,,,,,
Falaniko Vitale,Freestyle,,,,1,,,,,,,,,,,,,,,,,,,,,,,,,,,,
Bobby Voelker,Kickboxing,,,,,,,0,,,,,,,,,,,,,,,,,,,,,,,,,
Alexander Volkanovski,Wrestling,10,,,,,,,,,,X,10,,,,,,,,,,,10,,,,,,,,,
Jacob Volkmann,Wrestling,1.5,,,,,,,,,,,,,,,,,,,,,,,,,,,,,,,
Alexander Volkov,Freestyle,,,,2,,,,,,,,,,,,,,,,,,,,,,,,,,,,
Jason Von Flue,Freestyle,,,,0.5,,,,,,,,,,,,,,,,,,,,,,,,,,,,
Chris Wade,Wrestling,2.5,,,,,,,,,,,,,,,,,,,,,,,,,,,,,,,
TJ Waldburger,Freestyle,,,,1,,,,,,,,,,,,,,,,,,,,,,,,,,,,
Donny Walker,Freestyle,,,,0,,,,,,,,,,,,,,,,,,,,,,,,,,,,
Johnny Walker,Freestyle,,,,1.25,,,,,,,,,,,,,,,,,,,,,,,,,,,,
Crafton Wallace,Karate,,,,,,0,,,,,,,,,,,,,,,,,,,,,,,,,,
Rodney Wallace,Wrestling,0,,,,,,,,,,,,,,,,,,,,,,,,,,,,,,,
Jim Wallhead,Judo,,,0,,,,,,,,,,,,,,,,,,,,,,,,,,,,,
Richard Walsh,Freestyle,,,,0.33,,,,,,,,,,,,,,,,,,,,,,,,,,,,
Curt Warburton,Freestyle,,,,0.5,,,,,,,,,,,,,,,,,,,,,,,,,,,,
Charlie Ward,Freestyle,,,,0,,,,,,,,,,,,,,,,,,,,,,,,,,,,
Terrion Ware,Freestyle,,,,0,,,,,,,,,,,,,,,,,,,,,,,,,,,,
Ron Waterman,Wrestling,1,,,,,,,,,,,,,,,,,,,,,,,,,,,,,,,
Tom Watson,Boxing,,,,,,,,0.4,,,,,,,,,,,,,,,,,,,,,,,,
Walel Watson,Freestyle,,,,0.33,,,,,,,,,,,,,,,,,,,,,,,,,,,,
Brok Weaver,Freestyle,,,,1,,,,,,,,,,,,,,,,,,,,,,,,,,,,
Royston Wee,Muay Thai,,,,,2,,,,,,,,,,,,,,,,,,,,,,,,,,,
Chris Weidman,Wrestling,1.83,,,,,,,,,,X,1.83,,,,,,,,,,,1.83,,,,,,,,,
Mark Weir,TKD,,,,,,,,,0.5,,,,,,,,,,,,,,,,,,,,,,,
Christian Wellisch,Freestyle,,,,0.67,,,,,,,,,,,,,,,,,,,,,,,,,,,,
Fabrício Werdum,BJJ,,2,,,,,,,,,X,,2,,,,,,,,,,,2,,,,,,,,
Mike Wessel,Freestyle,,,,0,,,,,,,,,,,,,,,,,,,,,,,,,,,,
Sheldon Westcott,Freestyle,,,,0.5,,,,,,,,,,,,,,,,,,,,,,,,,,,,
Alex White,Freestyle,,,,0.67,,,,,,,,,,,,,,,,,,,,,,,,,,,,
Vernon White,Freestyle,,,,0,,,,,,,,,,,,,,,,,,,,,,,,,,,,
Mike Whitehead,Wrestling,0,,,,,,,,,,,,,,,,,,,,,,,,,,,,,,,
Robert Whittaker,Karate,,,,,,3.5,,,,,X,,,3.5,,,,,,,,,,,,,,,3.5,,,
Rob Wilkinson,Freestyle,,,,0,,,,,,,,,,,,,,,,,,,,,,,,,,,,
Mike Wilkinson,Freestyle,,,,1,,,,,,,,,,,,,,,,,,,,,,,,,,,,
James Wilks,Karate,,,,,,0.5,,,,,,,,,,,,,,,,,,,,,,,,,,
Jordan Williams,Wrestling,0.5,,,,,,,,,,,,,,,,,,,,,,,,,,,,,,,
Khalinn WIlliams,Freestyle,,,,4,,,,,,,,,,,,,,,,,,,,,,,,,,,,
Patrick Williams,Wrestling,0.33,,,,,,,,,,,,,,,,,,,,,,,,,,,,,,,
Pete Williams,Wrestling,0.6,,,,,,,,,,,,,,,,,,,,,,,,,,,,,,,
Tedd Williams,Wrestling,1,,,,,,,,,,,,,,,,,,,,,,,,,,,,,,,
Justin Willis,Freestyle,,,,4,,,,,,,,,,,,,,,,,,,,,,,,,,,,
Chris Wilson,Freestyle,,,,0.33,,,,,,,,,,,,,,,,,,,,,,,,,,,,
Jonathan Wilson,Freestyle,,,,0.33,,,,,,,,,,,,,,,,,,,,,,,,,,,,
Matt Wiman,Freestyle,,,,1.25,,,,,,,,,,,,,,,,,,,,,,,,,,,,
Eddie Wineland,Wrestling,1,,,,,,,,,,,,,,,,,,,,,,,,,,,,,,,
Deron Winn,Wrestling,1,,,,,,,,,,,,,,,,,,,,,,,,,,,,,,,
Andre Winner,Freestyle,,,,0.67,,,,,,,,,,,,,,,,,,,,,,,,,,,,
Eric Wisely,Kickboxing,,,,,,,0,,,,,,,,,,,,,,,,,,,,,,,,,
Keith Wisniewski,Freestyle,,,,0,,,,,,,,,,,,,,,,,,,,,,,,,,,,
Jason WItt,Freestyle,,,,0.67,,,,,,,,,,,,,,,,,,,,,,,,,,,,
Travis Wiuff,Wrestling,0,,,,,,,,,,,,,,,,,,,,,,,,,,,,,,,
Brandon Wolff,Freestyle,,,,0,,,,,,,,,,,,,,,,,,,,,,,,,,,,
Nathaniel Wood,BJJ,,2,,,,,,,,,,,,,,,,,,,,,,,,,,,,,,
Tyron Woodley,Wrestling,1.29,,,,,,,,,,X,1.29,,,,,,,,,,,1.29,,,,,,,,,
Sean Woodson,Boxing,,,,,,,,4,,,,,,,,,,,,,,,,,,,,,,,,
Khama Worthy,Freestyle,,,,0.67,,,,,,,,,,,,,,,,,,,,,,,,,,,,
Jordan Wright,Muay Thai,,,,,0.67,,,,,,,,,,,,,,,,,,,,,,,,,,,
Song Yadong,Freestyle,,,,4,,,,,,,,,,,,,,,,,,,,,,,,,,,,
Eddie Yagin,Freestyle,,,,1,,,,,,,,,,,,,,,,,,,,,,,,,,,,
Rani Yahya,BJJ,,2.6,,,,,,,,,,,,,,,,,,,,,,,,,,,,,,
Alexander Yakovlev,Wrestling,0.5,,,,,,,,,,,,,,,,,,,,,,,,,,,,,,,
Kenichi Yamamoto,Karate,,,,,,2,,,,,,,,,,,,,,,,,,,,,,,,,,
Norifumi Yamamoto,Wrestling,0,,,,,,,,,,,,,,,,,,,,,,,,,,,,,,,
Petr Yan,Boxing,,,,,,,,8,,,X,,,,8,,,,,,,,,,8,,,,,,,
Adrian Yanez,Boxing,,,,,,,,5,,,,,,,,,,,,,,,,,,,,,,,,
Dongi Yang,Freestyle,,,,0.67,,,,,,,,,,,,,,,,,,,,,,,,,,,,
Zhikui Yao,Wrestling,0.33,,,,,,,,,,,,,,,,,,,,,,,,,,,,,,,
Emmanuel Yarborough,Wrestling,0,,,,,,,,,,,,,,,,,,,,,,,,,,,,,,,
Cale Yarbrough,Freestyle,,,,0,,,,,,,,,,,,,,,,,,,,,,,,,,,,
Yoshiyuki Yoshida,Freestyle,,,,0.67,,,,,,,,,,,,,,,,,,,,,,,,,,,,
Jason Young,Freestyle,,,,0.33,,,,,,,,,,,,,,,,,,,,,,,,,,,,
Shane Young,Kickboxing,,,,,,,0.67,,,,,,,,,,,,,,,,,,,,,,,,,
Sodiq Yusuff,Freestyle,,,,6,,,,,,,,,,,,,,,,,,,,,,,,,,,,
Gilbert Yvel,Kickboxing,,,,,,,0,,,,,,,,,,,,,,,,,,,,,,,,,
Luke Zachrich,Freestyle,,,,0.5,,,,,,,,,,,,,,,,,,,,,,,,,,,,
Aiemann Zahabi,Freestyle,,,,1,,,,,,,,,,,,,,,,,,,,,,,,,,,,
Youssef Zalal,Kickboxing,,,,,,,1,,,,,,,,,,,,,,,,,,,,,,,,,
David Zawada,Freestyle,,,,0.25,,,,,,,,,,,,,,,,,,,,,,,,,,,,
Lipeng Zhang,Freestyle,,,,1,,,,,,,,,,,,,,,,,,,,,,,,,,,,
Tiequan Zhang,Wrestling,0.33,,,,,,,,,,,,,,,,,,,,,,,,,,,,,,,
Rong Zhu,Kickboxing,,,,,,,0.5,,,,,,,,,,,,,,,,,,,,,,,,,
Zhalgas Zhumagulov,Freestyle,,,,0.33,,,,,,,,,,,,,,,,,,,,,,,,,,,,
Farès Ziam,Freestyle,,,,1,,,,,,,,,,,,,,,,,,,,,,,,,,,,
